"Timestamp","Actor","Behavior","Recipient","Location","Observer","Notes"
"10/14/2014 14:58:45","Start","Start","Start","Start","AM",""
"10/14/2014 15:00:30","4","Subordinate","1","UL","AM",""
"10/14/2014 15:02:06","4","Fighting, Mounting","7","NB3","AM",""
"10/14/2014 15:03:18","6","Chasing","5","MR","AM",""
"10/14/2014 15:07:01","10","Fighting","2, 5, 9","LR","AM",""
"10/14/2014 15:07:29","10","Mounting","2","LR","AM",""
"10/14/2014 15:07:56","7","Fighting","9","LR","AM",""
"10/14/2014 15:10:22","9","Fighting, Chasing","1","NB5","AM",""
"10/14/2014 15:10:47","9","Fighting","2","NB5","AM",""
"10/14/2014 15:14:25","7, 9","Fighting","7, 9","UL","AM",""
"10/14/2014 15:15:23","9","Chasing","1","UR","AM",""
"10/14/2014 15:16:30","10","Subordinate","6","LL","AM",""
"10/14/2014 15:16:45","10","Subordinate","6","LL","AM",""
"10/14/2014 15:17:29","4","Subordinate","1","MR","AM",""
"10/14/2014 15:18:14","8","Chasing, Subordinate","4","ML","AM",""
"10/14/2014 15:19:44","9","Chasing","7","UR","AM",""
"10/14/2014 15:20:43","9","Fighting, Chasing","1","LR","AM",""
"10/14/2014 15:21:21","9","Chasing","3","LR","AM",""
"10/14/2014 15:21:44","9","Chasing","2","MR","AM",""
"10/14/2014 15:22:20","4","Fighting","1","UL","AM",""
"10/14/2014 15:23:11","9","Subordinate","7","UR","AM",""
"10/14/2014 15:23:35","9","Chasing","8","UR","AM",""
"10/14/2014 15:24:48","9","Induce-flee","1","UL","AM",""
"10/14/2014 15:25:44","7","Subordinate","1, 2","NB3","AM",""
"10/14/2014 15:26:02","4","Chasing, Mounting","3","UR","AM",""
"10/14/2014 15:26:55","10","Subordinate","6","UR","AM",""
"10/14/2014 15:32:45","8","Fighting, Subordinate","1","NB2","AM",""
"10/14/2014 15:37:43","9","Fighting, Subordinate","10","NB1","AM",""
"10/14/2014 15:40:01","4","Subordinate","2","NB5","AM",""
"10/14/2014 15:43:00","7","Subordinate","1","UR","AM",""
"10/14/2014 15:46:48","4","Mounting","2","UR","AM",""
"10/14/2014 15:47:39","9","Fighting","1","NB3","AM",""
"10/14/2014 15:51:02","4","Mounting","3","LR","AM",""
"10/14/2014 15:51:46","7","Subordinate","8","NB3","AM",""
"10/14/2014 15:53:08","7","Subordinate","1","UL","AM",""
"10/14/2014 15:57:32","9","Subordinate","1","LR","AM",""
"10/14/2014 15:59:53","8","Chasing","5","NB2","AM",""
"10/14/2014 16:02:38","4","Mounting","5","LL","AM",""
"10/14/2014 16:03:00","4","Mounting","2","LR","AM",""
"10/14/2014 16:04:06","10","Mounting","8","MR","AM",""
"10/14/2014 16:05:27","9","Chasing","4","UR","AM",""
"10/14/2014 16:08:33","7","Subordinate","6","ML","AM",""
"10/14/2014 16:09:53","8","Chasing","12","LR","AM",""
"10/14/2014 16:10:36","7","Chasing, Subordinate","1","UL","AM",""
"10/14/2014 16:11:50","7","Subordinate","1","LL","AM",""
"10/14/2014 16:14:12","8","Subordinate","1","UR","AM",""
"10/14/2014 16:14:44","9","Subordinate","1, 10","UR","AM",""
"10/14/2014 16:18:43","7","Mounting","8","MR","AM",""
"10/14/2014 16:20:04","9","Induce-flee","1","MR","AM",""
"10/14/2014 16:22:01","1, 3","Fighting","1, 3","LR","AM",""
"10/14/2014 16:23:34","1, 3","Fighting","1, 3","LL","AM",""
"10/14/2014 16:24:07","4","Mounting","3","LL","AM",""
"10/14/2014 16:24:47","3","Chasing","4","LR","AM",""
"10/14/2014 16:26:01","1","Subordinate","2","UR","AM",""
"10/14/2014 16:29:24","11","Subordinate","1","LL","AM",""
"10/14/2014 16:30:28","10","Chasing","7","LR","AM",""
"10/14/2014 16:31:57","4","Fighting","1, 12","UR","AM",""
"10/14/2014 16:37:56","9","Chasing","1, 6","UR","AM",""
"10/14/2014 16:40:53","10","Mounting","2","UR","AM",""
"10/14/2014 16:46:48","4","Chasing","1","UL","AM",""
"10/14/2014 16:47:17","6","Subordinate","12","ML","AM",""
"10/14/2014 16:47:59","10","Mounting","8","LL","AM",""
"10/14/2014 16:49:18","8","Subordinate","1","LL","AM",""
"10/14/2014 16:51:59","4","Mounting","2","UL","AM",""
"10/14/2014 16:52:45","7","Subordinate","8","NB3","AM",""
"10/14/2014 16:54:02","4","Fighting","2","NB2","AM",""
"10/14/2014 16:55:57","4","Induce-flee","1","ML","AM",""
"10/14/2014 16:58:21","End","End","End","End","AM",""
"10/15/2014 12:07:53","Start","Start","Start","Start","KW",""
"10/15/2014 12:08:54","7","Chasing","2","UR","KW",""
"10/15/2014 12:10:07","4","Fighting","5","LL, LR","KW",""
"10/15/2014 12:10:07","4","Fighting","5","LL, LR","KW",""
"10/15/2014 12:11:30","2","Fighting","4","NB1","KW","long fight. 10 seconds.4 ran away in the end"
"10/15/2014 12:14:32","2","Chasing","11","UL","KW",""
"10/15/2014 12:14:34","2","Chasing","11","UL","KW",""
"10/15/2014 12:15:01","2","Chasing","12","LL","KW",""
"10/15/2014 12:19:00","7","Fighting","1","MR","KW",""
"10/15/2014 12:20:56","7","Chasing","1","LR","KW",""
"10/15/2014 12:31:02","4","Fighting","12","LL","KW",""
"10/15/2014 12:33:13","6","Chasing","11","MR","KW",""
"10/15/2014 12:33:53","2","Chasing","9","NB5","KW",""
"10/15/2014 12:38:49","6","Fighting, Chasing","5","LR","KW","chase looped from lr to ll to ml to mr back to ll"
"10/15/2014 12:40:06","6","Subordinate","11","ML","KW",""
"10/15/2014 12:40:44","4","Fighting","6","MR","KW",""
"10/15/2014 12:52:56","6","Chasing","1","LR","KW",""
"10/15/2014 12:55:35","6","Chasing","1","UL","KW",""
"10/15/2014 12:59:53","End","End","End","End","KW",""
"10/15/2014 16:18:56","4","Chasing","7","UL","CW",""
"10/15/2014 16:19:29","6","Chasing","5","UR","CW",""
"10/15/2014 16:20:19","9","Chasing","2","UL","CW",""
"10/15/2014 16:25:45","8","Subordinate","12","NB2","CW",""
"10/15/2014 16:28:48","4","Chasing","2","LR","CW",""
"10/15/2014 16:31:07","4","Chasing","10","UL","CW",""
"10/15/2014 16:31:24","4","Chasing","8","UR","CW",""
"10/15/2014 16:32:22","4","Chasing","2","LR","CW",""
"10/15/2014 16:38:34","4","Chasing","2","LR","KW",""
"10/15/2014 16:38:59","4","Fighting","10","LR","KW",""
"10/15/2014 16:40:00","4","Chasing","12","UL","KW",""
"10/15/2014 16:43:08","2","Fighting, Chasing","4","LL","KW","complex, long fight. 4 chased 2 into nb 2 and then 2 became the agressor and 4 fleed"
"10/15/2014 16:44:26","4","Fighting","10","MR","KW",""
"10/15/2014 17:05:06","6","Fighting, Chasing","5","LR","KW",""
"10/15/2014 17:06:09","12","Chasing, Mounting","1","UR","KW",""
"10/15/2014 17:07:19","7","Chasing","1","UL","KW",""
"10/15/2014 17:07:42","7","Chasing","11","UR","KW",""
"10/15/2014 17:10:35","4","Fighting","1","UR","KW",""
"10/15/2014 17:12:28","4","Fighting","12","UL","KW","4, 1, & 12. were in ul. 1 escaped and it seemed like 4 confused 12 for 1 and continued attacking"
"10/15/2014 17:12:46","7","Chasing","1","ML","KW",""
"10/15/2014 17:13:46","4","Chasing","1","MR","KW",""
"10/15/2014 17:17:19","4","Induce-flee","6","MR","KW",""
"10/15/2014 17:21:14","4","Induce-flee","5","LL","KW",""
"10/15/2014 17:22:15","End","End","End","End","KW",""
"10/16/2014 17:59:27","Start","Start","Start","Start","AR",""
"10/16/2014 18:06:30","7","Chasing","9","LL","AR",""
"10/16/2014 18:08:01","5","Chasing","7","MR","AR",""
"10/16/2014 18:08:42","7","Fighting","1","MR","AR",""
"10/16/2014 18:09:57","4","Fighting, Chasing","10","MR","AR",""
"10/16/2014 18:13:34","4","Chasing","11","UL","AR",""
"10/16/2014 18:15:27","5","Fighting, Chasing","7","ML","AR",""
"10/16/2014 18:16:44","1","Chasing","10","NB4","AR",""
"10/16/2014 18:17:18","5","Fighting, Chasing","10","LL","AR",""
"10/16/2014 18:19:28","5","Fighting, Chasing","8","MR","AR",""
"10/16/2014 18:20:22","5","Chasing","9","MR","AR",""
"10/16/2014 18:20:38","5","Fighting","11","ML","AR",""
"10/16/2014 18:23:03","5","Fighting, Chasing","12","MR","AR",""
"10/16/2014 18:23:27","5","Fighting","8","UL","AR",""
"10/16/2014 18:24:31","5","Chasing","12","UR","AR",""
"10/16/2014 18:35:25","7","Chasing","1","ML","AR",""
"10/16/2014 18:36:04","6","Chasing","8","NB5","AR",""
"10/16/2014 18:40:36","1","Chasing","3","UR","AR",""
"10/16/2014 18:45:36","8","Chasing","1","MR","AR",""
"10/16/2014 18:53:30","8","Chasing","3","MR","AR",""
"10/16/2014 18:57:12","5","Fighting","8","NB4","AR",""
"10/16/2014 19:04:48","7","Chasing","1","UL","AR",""
"10/16/2014 19:11:10","8","Chasing","6","MR","AR",""
"10/16/2014 19:14:06","5","Chasing","1","NB1","AR",""
"10/16/2014 19:19:22","5","Fighting","7","NB5","AR",""
"10/16/2014 19:19:37","5","Fighting","11","NB5","AR",""
"10/16/2014 19:21:33","5","Fighting, Chasing","8","MR","AR",""
"10/16/2014 19:24:52","5","Chasing","8","LR","AR",""
"10/16/2014 19:27:16","3","Fighting, Mounting","5","NB2","AR",""
"10/16/2014 19:27:49","9","Chasing","1","NB5","AR",""
"10/16/2014 19:36:05","5","Fighting, Chasing","1","NB2","AR",""
"10/16/2014 19:44:14","4","Fighting, Mounting","2","NB2","AR",""
"10/16/2014 19:46:37","5","Fighting, Chasing","10","UR","AR",""
"10/16/2014 19:52:59","5","Chasing","11","ML","AR",""
"10/16/2014 19:53:56","3","Fighting","7","NB2","AR",""
"10/16/2014 19:54:39","3","Chasing","4","NB3","AR",""
"10/16/2014 19:59:55","3","Chasing","5","LR","AR",""
"10/16/2014 20:00:08","3","Chasing","11","MR","AR",""
"10/16/2014 20:00:19","End","End","End","End","AR",""
"10/17/2014 11:57:55","Start","Start","Start","Start","CW",""
"10/17/2014 11:58:11","3","Chasing","4","NB5","CW",""
"10/17/2014 11:58:54","7","Chasing","6","ML","CW",""
"10/17/2014 11:59:23","8","Chasing","1","ML","CW",""
"10/17/2014 12:00:37","6","Chasing","10","LL","CW",""
"10/17/2014 12:01:32","7","Fighting, Chasing","9","LR","CW",""
"10/17/2014 12:02:19","7","Fighting","4","LR","CW",""
"10/17/2014 12:04:36","3","Chasing","7","MR","CW",""
"10/17/2014 12:05:02","7","Chasing","12","LL","CW",""
"10/17/2014 12:06:21","7","Chasing","4","MR","CW",""
"10/17/2014 12:07:55","7","Chasing","12","AllOver","CW",""
"10/17/2014 12:07:58","7","Chasing","12","AllOver","CW",""
"10/17/2014 12:09:31","7","Chasing","10","UL","CW",""
"10/17/2014 12:10:03","6","Fighting, Chasing","11","UL","CW",""
"10/17/2014 12:10:34","7","Fighting","10","LL","CW",""
"10/17/2014 12:11:38","3","Fighting, Chasing","7","MR","CW",""
"10/17/2014 12:12:01","3","Chasing","8","LR","CW",""
"10/17/2014 12:12:50","7","Chasing","6","UL","CW",""
"10/17/2014 12:14:17","7","Chasing","2","UL","CW",""
"10/17/2014 12:14:31","3","Chasing","7","UR","CW",""
"10/17/2014 12:15:54","6","Fighting, Chasing","11","MR","CW",""
"10/17/2014 12:16:20","7","Chasing","10","UR","CW",""
"10/17/2014 12:16:34","7","Subordinate","4","UL","CW",""
"10/17/2014 12:18:08","6","Chasing","8","LL","CW",""
"10/17/2014 12:18:20","3","Chasing","6","LL","CW",""
"10/17/2014 12:20:19","7","Chasing","11","UL","CW",""
"10/17/2014 12:21:54","7","Subordinate","11","NB4","CW",""
"10/17/2014 12:22:59","7","Chasing","1","LL","CW","started lower left, went all over he left side"
"10/17/2014 12:23:25","7","Chasing","11","UL","CW",""
"10/17/2014 12:23:55","7","Chasing","5","UL","CW",""
"10/17/2014 12:24:10","7","Chasing","11","UR","CW",""
"10/17/2014 12:25:31","7","Chasing","5","ML","CW",""
"10/17/2014 12:26:35","7","Chasing","10","UR","CW",""
"10/17/2014 12:28:02","7","Chasing","6","UR","CW",""
"10/17/2014 12:28:31","3, 7","Fighting","3, 7","NB2","CW",""
"10/17/2014 12:30:30","6","Chasing","11","UL","CW",""
"10/17/2014 12:30:45","6","Fighting, Chasing","8","AllOver","CW",""
"10/17/2014 12:31:15","7","Chasing","4","UR","CW",""
"10/17/2014 12:31:49","7","Fighting","10","LL","CW",""
"10/17/2014 12:33:41","7","Chasing","10","LR","CW",""
"10/17/2014 12:34:11","3","Fighting","10","NB5","CW",""
"10/17/2014 12:34:32","6","Chasing","11","LL","CW",""
"10/17/2014 12:36:45","6","Chasing","10","MR","CW",""
"10/17/2014 12:37:18","4","Chasing","6","MR","CW",""
"10/17/2014 12:37:43","7","Chasing","12","UL","CW",""
"10/17/2014 12:41:42","4","Mounting","2","NB1","CW",""
"10/17/2014 12:42:56","4","Fighting","1","NB4","CW",""
"10/17/2014 12:48:35","5","Fighting, Mounting","9","ML","CW",""
"10/17/2014 12:50:04","5","Subordinate","9","UL","CW",""
"10/17/2014 12:50:46","7","Chasing","1","NB5","CW",""
"10/17/2014 12:51:35","5","Chasing","10","ML","CW",""
"10/17/2014 12:54:51","7","Chasing","4","UL","CW",""
"10/17/2014 12:55:04","5","Chasing","10","UL","CW",""
"10/17/2014 12:55:17","8","Chasing","12","LR","CW",""
"10/17/2014 13:00:22","5","Fighting","10","NB5","CW",""
"10/17/2014 13:01:03","7","Chasing","11","UR","CW",""
"10/17/2014 13:04:22","3","Chasing","12","UR, MR","CW",""
"10/17/2014 13:04:35","3","Fighting","11","NB2","CW",""
"10/17/2014 13:05:01","5","Subordinate","10","MR","CW",""
"10/17/2014 13:07:12","4","Chasing","3","MR","CW",""
"10/17/2014 13:07:37","3","Chasing","7","ML","CW",""
"10/17/2014 13:08:10","3","Fighting, Chasing","8","NB4","CW",""
"10/17/2014 13:09:57","7","Fighting","10","UL","CW",""
"10/17/2014 13:13:22","3","Chasing","7","UL","CW",""
"10/17/2014 13:16:47","3","Chasing","7","UR","CW",""
"10/17/2014 13:17:02","3","Fighting, Chasing","11","NB1","CW",""
"10/17/2014 13:17:14","3","Chasing","4","NB1","CW",""
"10/17/2014 13:19:18","7","Chasing","11","LR","CW",""
"10/17/2014 13:19:31","3","Fighting, Chasing","7","LL","CW",""
"10/17/2014 13:21:49","7","Chasing","6","ML","CW",""
"10/17/2014 13:22:15","7","Chasing","1","UL","CW",""
"10/17/2014 13:25:18","7","Chasing","2","LL","CW",""
"10/17/2014 13:27:21","6","Fighting, Chasing","9","MR","CW",""
"10/17/2014 13:44:57","8","Fighting","1","MR","CW",""
"10/17/2014 13:45:47","6","Fighting, Chasing","8","LR","CW",""
"10/17/2014 13:49:17","6","Chasing","11","ML","CW",""
"10/17/2014 13:50:54","6","Chasing","10","ML","CW",""
"10/17/2014 13:51:22","8","Chasing","1","UL","CW",""
"10/17/2014 13:51:57","3","Fighting","1","NB5","CW",""
"10/17/2014 13:58:36","3","Fighting, Chasing","10","NB4","CW",""
"10/17/2014 13:58:59","3","Fighting","2","NB4","CW",""
"10/17/2014 13:59:22","3","Fighting","6","LR","CW",""
"10/17/2014 13:59:58","3","Chasing","7","UR","CW",""
"10/17/2014 14:00:16","End","End","End","End","CW",""
"10/18/2014 14:55:25","Start","Start","Start","Start","CW",""
"10/18/2014 14:56:25","7","Subordinate","6","UL","CW",""
"10/18/2014 14:57:17","10","Chasing","11","UL","CW",""
"10/18/2014 14:58:20","3","Chasing","7","ML","CW",""
"10/18/2014 14:58:52","5","Subordinate","9","UL","CW",""
"10/18/2014 15:00:34","5","Chasing","9","UR","CW",""
"10/18/2014 15:00:55","3","Chasing","7","MR","CW",""
"10/18/2014 15:01:36","3","Fighting, Chasing","2","UR","CW",""
"10/18/2014 15:02:47","5","Chasing","11","UR","CW",""
"10/18/2014 15:04:49","5","Fighting, Chasing","2","LR","CW",""
"10/18/2014 15:05:18","7","Subordinate","10","UR","CW",""
"10/18/2014 15:05:55","7","Fighting","10","MR","CW",""
"10/18/2014 15:06:54","8","Fighting","2","NB2","CW",""
"10/18/2014 15:07:53","8","Chasing","9","NB1","CW",""
"10/18/2014 15:08:59","6","Chasing","12","LL","CW",""
"10/18/2014 15:09:11","3","Chasing","6","ML","CW",""
"10/18/2014 15:09:45","6","Chasing","12","LR","CW",""
"10/18/2014 15:12:20","3","Fighting","7","NB5","CW",""
"10/18/2014 15:13:49","3","Fighting","1","NB5","CW",""
"10/18/2014 15:14:36","6","Fighting","10","NB4","CW",""
"10/18/2014 15:16:48","4","Chasing","2","LR","CW",""
"10/18/2014 15:24:43","6","Fighting, Chasing","8","LR","CW",""
"10/18/2014 15:32:09","10","Chasing","12","UL","CW",""
"10/18/2014 15:32:25","7","Fighting","12","MR","CW",""
"10/18/2014 15:33:15","3","Subordinate","10","NB4","CW",""
"10/18/2014 15:39:39","8","Subordinate","6","NB1","CW",""
"10/18/2014 15:40:56","3","Chasing","7","MR","CW",""
"10/18/2014 15:41:48","4","Chasing","6","ML","CW",""
"10/18/2014 15:45:54","3","Fighting","7","NB1","CW",""
"10/18/2014 15:46:22","3","Chasing","7","NB2","CW",""
"10/18/2014 15:46:56","4","Chasing, Mounting","2","MR","CW",""
"10/18/2014 15:48:53","12","Chasing","1","UL","CW",""
"10/18/2014 15:49:16","8","Chasing","1","UR","CW",""
"10/18/2014 15:49:57","3","Fighting","2","NB1","CW",""
"10/18/2014 15:52:21","4","Subordinate","2","MR","CW",""
"10/18/2014 15:54:00","3","Chasing","5","LL","CW",""
"10/18/2014 15:54:26","7","Chasing","5","MR","CW",""
"10/18/2014 15:55:39","4","Chasing","11","LR","CW",""
"10/18/2014 16:06:36","8","Fighting","1","NB5","CW",""
"10/18/2014 16:08:01","8","Fighting","2","NB5","CW",""
"10/18/2014 16:08:22","8","Fighting","10","NB5","CW",""
"10/18/2014 16:09:51","8","Induce-flee","10","NB2","CW",""
"10/18/2014 16:14:41","5","Chasing","10","MR","CW",""
"10/18/2014 16:15:27","3","Chasing","4","MR","CW",""
"10/18/2014 16:22:33","5","Chasing","9","UL","CW",""
"10/18/2014 16:27:48","5","Chasing","8","LR","CW",""
"10/18/2014 16:38:10","5","Chasing","9","UL","CW",""
"10/18/2014 16:46:33","10","Chasing","2","ML","CW",""
"10/18/2014 16:47:39","10","Chasing","7","NB5","CW",""
"10/18/2014 16:51:48","7","Chasing","6","LL","CW",""
"10/18/2014 16:53:23","4","Chasing","6","LR","CW",""
"10/18/2014 16:58:39","4","Chasing","10","LR","CW",""
"10/18/2014 16:59:46","3","Fighting","10","NB5","CW",""
"10/18/2014 17:00:03","End","End","End","End","CW",""
"10/19/2014 14:08:36","Start","Start","Start","Start","ZC","observations started at 2:01"
"10/19/2014 14:12:33","4","Chasing","6","ML","ZC",""
"10/19/2014 14:12:53","4","Chasing","10","LR","ZC",""
"10/19/2014 14:13:29","4","Chasing","2","LR","ZC",""
"10/19/2014 14:13:45","4","Fighting","2","NB4","ZC",""
"10/19/2014 14:19:14","5","Fighting","10","ML","ZC",""
"10/19/2014 14:19:54","5","Fighting","11","LR","ZC",""
"10/19/2014 14:20:22","3","Fighting","5","LL","ZC",""
"10/19/2014 14:21:40","5","Chasing","6","MR","ZC",""
"10/19/2014 14:23:46","3","Chasing","9","MR","ZC","confused on the identity of the recipient"
"10/19/2014 14:26:52","4","Chasing","2","LR","ZC",""
"10/19/2014 14:27:30","4","Fighting","2, 10","NB4","ZC",""
"10/19/2014 14:28:29","5","Chasing","11","UL","ZC",""
"10/19/2014 14:29:43","7","Chasing","4","NB1","ZC",""
"10/19/2014 14:30:27","6","Chasing","11","ML","ZC",""
"10/19/2014 14:31:49","6","Subordinate","11","UL","ZC",""
"10/19/2014 14:34:20","3","Fighting","7","NB1","ZC",""
"10/19/2014 14:34:38","5","Fighting","9","UL","ZC",""
"10/19/2014 14:34:59","5","Induce-flee","11","ML","ZC",""
"10/19/2014 14:35:55","3","Induce-flee","7","NB4","ZC",""
"10/19/2014 14:37:05","5","Fighting","8","NB4","ZC",""
"10/19/2014 14:40:58","7","Chasing","12","UR","ZC",""
"10/19/2014 14:45:35","7","Chasing","5","UL","ZC",""
"10/19/2014 14:47:49","5","Subordinate","9","UR","ZC",""
"10/19/2014 14:48:39","5","Chasing","9","UL","ZC",""
"10/19/2014 14:48:52","4","Fighting","1","NB4","ZC",""
"10/19/2014 14:51:10","6","Induce-flee","10","LR","ZC",""
"10/19/2014 14:51:31","5","Fighting","8","UR","ZC",""
"10/19/2014 14:52:30","5","Fighting","10","ML","ZC",""
"10/19/2014 14:55:41","5","Chasing","1","UL","ZC",""
"10/19/2014 15:04:45","5","Chasing","11","LR","ZC",""
"10/19/2014 15:05:08","7","Fighting","5","NB2","ZC",""
"10/19/2014 15:08:07","8","Induce-flee","1","NB5","ZC",""
"10/19/2014 15:12:14","6","Induce-flee","10","ML","ZC",""
"10/19/2014 15:17:39","6","Subordinate","12","UL","ZC",""
"10/19/2014 15:18:27","3","Chasing","10","LR","ZC",""
"10/19/2014 15:18:50","6","Fighting","12","UL","ZC",""
"10/19/2014 15:19:19","6","Fighting","1","UL","ZC",""
"10/19/2014 15:19:58","6","Subordinate","12","UL","ZC",""
"10/19/2014 15:20:59","6","Subordinate","11","UL","ZC",""
"10/19/2014 15:23:34","6","Chasing","10","UL","ZC",""
"10/19/2014 15:24:14","6","Fighting","12","UL","ZC",""
"10/19/2014 15:27:42","9","Chasing","1","NB4","ZC",""
"10/19/2014 15:36:15","3","Chasing","9","LR","ZC",""
"10/19/2014 15:36:34","6","Chasing","11","UL","ZC",""
"10/19/2014 15:37:09","12","Fighting","1","UL","ZC",""
"10/19/2014 15:39:27","6","Induce-flee","12","UL","ZC",""
"10/19/2014 15:39:53","6","Subordinate","10","LR","ZC",""
"10/19/2014 15:44:53","3","Fighting","10","NB4","ZC",""
"10/19/2014 15:44:55","3","Fighting","10","NB4","ZC",""
"10/19/2014 15:45:18","3","Fighting","2","NB2","ZC",""
"10/19/2014 15:48:39","5","Chasing","10","UR","ZC",""
"10/19/2014 15:52:58","3","Fighting","7","NB5","ZC",""
"10/19/2014 15:53:10","3","Fighting","1","NB4","ZC",""
"10/19/2014 15:53:59","5","Fighting","8","LR","ZC",""
"10/19/2014 16:02:09","6","Chasing","7","UL","ZC",""
"10/19/2014 16:02:11","6","Chasing","7","UL","ZC",""
"10/19/2014 16:02:40","3","Fighting","8","LR","ZC",""
"10/19/2014 16:02:53","End","End","End","End","ZC",""
"10/20/2014 13:00:44","Start","Start","Start","Start","AR",""
"10/20/2014 13:04:10","3","Fighting, Chasing","5","UR","AR",""
"10/20/2014 13:06:21","7","Chasing","5","LR","AR",""
"10/20/2014 13:07:53","5","Fighting, Chasing","4","UL","AR",""
"10/20/2014 13:09:05","9","Fighting","3","NB4","AR",""
"10/20/2014 13:10:23","5","Chasing","6","UR","AR",""
"10/20/2014 13:12:25","8","Fighting","2","UR","AR",""
"10/20/2014 13:13:34","2","Chasing","1","LR","AR",""
"10/20/2014 13:16:01","3","Chasing","11","UR","AR",""
"10/20/2014 13:16:40","8","Chasing","3","NB5","AR",""
"10/20/2014 13:18:12","5","Chasing","11","UR","AR",""
"10/20/2014 13:20:32","5","Chasing","12","UL","AR",""
"10/20/2014 13:21:02","5","Fighting, Chasing","6","MR","AR",""
"10/20/2014 13:21:46","5","Fighting","1","UL","AR",""
"10/20/2014 13:22:19","5","Chasing","8","UL","AR",""
"10/20/2014 13:23:00","5","Fighting","9","MR","AR",""
"10/20/2014 13:23:41","8","Fighting","2","LR","AR",""
"10/20/2014 13:24:15","5","Fighting","8","LR","AR",""
"10/20/2014 13:26:16","5","Chasing","11","MR","AR",""
"10/20/2014 13:26:43","5","Induce-flee","7","UR","AR",""
"10/20/2014 13:33:02","8","Fighting","11","LR","AR",""
"10/20/2014 13:38:09","2","Fighting","7, 11","NB5","AR",""
"10/20/2014 13:38:41","2","Fighting, Chasing","5","NB2","AR",""
"10/20/2014 13:39:55","3","Chasing","11","MR","AR",""
"10/20/2014 13:47:50","3","Fighting","7","UL","AR",""
"10/20/2014 13:50:41","3","Fighting","7","UR","AR",""
"10/20/2014 13:57:38","7","Chasing","6","UR","AR",""
"10/20/2014 14:00:49","3","Fighting, Chasing","4","NB5","AR",""
"10/20/2014 14:00:58","3","Fighting, Chasing","4","NB5","AR",""
"10/20/2014 14:01:07","3","Fighting, Chasing","4","NB5","AR",""
"10/20/2014 14:11:30","5","Fighting","8","UL","AR",""
"10/20/2014 14:12:54","6","Fighting","8","UL","AR",""
"10/20/2014 14:13:20","8","Chasing","3","NB3","AR",""
"10/20/2014 14:16:35","6","Fighting","12","UL","AR",""
"10/20/2014 14:24:08","5","Fighting, Chasing","6","MR","AR",""
"10/20/2014 14:26:24","6","Fighting","12","UL","AR",""
"10/20/2014 14:29:21","5","Fighting","12","UL","AR",""
"10/20/2014 14:31:05","5","Fighting","11","UL","AR",""
"10/20/2014 14:31:26","5","Fighting","2","UL","AR",""
"10/20/2014 14:32:00","5","Chasing","12","UR","AR",""
"10/20/2014 14:33:09","5","Chasing","6","UR","AR",""
"10/20/2014 14:35:03","5","Fighting","4","MR","AR",""
"10/20/2014 14:36:48","3","Fighting","10","NB5","AR",""
"10/20/2014 14:39:23","12","Fighting, Chasing","1","UL","AR",""
"10/20/2014 14:39:58","5","Fighting","4","LR","AR",""
"10/20/2014 14:40:42","5","Chasing","4","UL","AR",""
"10/20/2014 14:46:15","3","Chasing","4","LL","AR",""
"10/20/2014 14:47:29","5","Chasing","10","UL","AR",""
"10/20/2014 14:50:03","3","Fighting, Chasing","9","NB4","AR",""
"10/20/2014 14:50:28","5","Chasing","9","MR","AR",""
"10/20/2014 14:50:56","5","Chasing","11","UR","AR",""
"10/20/2014 14:52:07","5","Fighting","12","UR","AR",""
"10/20/2014 14:57:59","3","Chasing","11","MR","AR",""
"10/20/2014 14:59:58","End","End","End","End","AR",""
"10/21/2014 14:04:58","Start","Start","Start","Start","AM",""
"10/21/2014 14:06:33","5","Fighting","2","UR","AM",""
"10/21/2014 14:11:55","5","Fighting, Chasing","8","UL","AM",""
"10/21/2014 14:12:15","8","Fighting, Subordinate","10","NB5","AM",""
"10/21/2014 14:13:27","5","Chasing","11","UR","AM",""
"10/21/2014 14:14:26","7","Chasing","9","LL","AM",""
"10/21/2014 14:14:43","8","Subordinate","7","NB5","AM",""
"10/21/2014 14:15:41","3","Fighting, Chasing","9","LR","AM",""
"10/21/2014 14:16:27","5","Chasing","2, 10, 11","UR","AM",""
"10/21/2014 14:17:09","5","Chasing","12","UR","AM",""
"10/21/2014 14:17:37","3","Fighting","7, 11","NB4","AM",""
"10/21/2014 14:18:02","11","Subordinate","7","NB4","AM",""
"10/21/2014 14:19:42","6","Chasing","8","LR","AM",""
"10/21/2014 14:20:00","3","Chasing","6","MR","AM",""
"10/21/2014 14:21:36","8","Chasing","10","MR","AM",""
"10/21/2014 14:23:04","6","Fighting","11, 12","UL","AM",""
"10/21/2014 14:24:05","6","Chasing","10","ML","AM",""
"10/21/2014 14:25:14","3","Fighting","8, 10","NB2","AM",""
"10/21/2014 14:26:19","6","Chasing","10","MR","AM",""
"10/21/2014 14:27:24","8","Subordinate","2, 10","NB5","AM",""
"10/21/2014 14:29:59","6","Chasing","9","ML","AM",""
"10/21/2014 14:31:12","6","Chasing, Subordinate","1","UL","AM",""
"10/21/2014 14:31:26","6","Chasing","9","ML","AM",""
"10/21/2014 14:32:53","6","Chasing","10","MR","AM",""
"10/21/2014 14:33:45","5","Chasing","1","UR","AM",""
"10/21/2014 14:34:20","5","Chasing","8","UR","AM",""
"10/21/2014 14:36:33","8","Fighting, Chasing","10","NB3","AM",""
"10/21/2014 14:39:39","5","Chasing","2","UL","AM",""
"10/21/2014 14:41:02","5","Chasing","11","MR","AM",""
"10/21/2014 14:41:36","5","Chasing","10","MR","AM",""
"10/21/2014 14:42:36","8","Fighting","1","NB5","AM",""
"10/21/2014 14:48:12","8","Fighting, Subordinate","2","NB4","AM",""
"10/21/2014 14:54:37","8","Subordinate","7","NB5","AM",""
"10/21/2014 14:57:30","5","Chasing","4","UR","AM",""
"10/21/2014 14:58:38","8","Chasing","10","NB4","AM",""
"10/21/2014 14:59:19","5","Chasing","11","UR","AM",""
"10/21/2014 15:01:05","8","Fighting, Chasing","4","NB2","AM",""
"10/21/2014 15:03:29","3","Subordinate","10","LL","AM",""
"10/21/2014 15:06:57","6","Chasing","8","UL","AM",""
"10/21/2014 15:11:13","3","Chasing","10","UL","AM",""
"10/21/2014 15:12:16","8","Induce-flee","6","UR","AM",""
"10/21/2014 15:12:37","6","Fighting, Chasing","10","MR","AM",""
"10/21/2014 15:13:40","8","Chasing","1","UR","AM",""
"10/21/2014 15:16:53","8","Fighting","1","NB2","AM",""
"10/21/2014 15:19:36","3","Fighting","7, 8","NB5","AM",""
"10/21/2014 15:26:57","6","Chasing","8","LL","AM",""
"10/21/2014 15:28:19","8","Fighting, Chasing","10","NB1","AM",""
"10/21/2014 15:30:56","3","Subordinate","8","NB5","AM",""
"10/21/2014 15:32:32","3","Subordinate","4","LR","AM",""
"10/21/2014 15:32:50","3","Chasing","8","NB5","AM",""
"10/21/2014 15:35:36","6","Chasing","1","UL","AM",""
"10/21/2014 15:36:47","3","Chasing","5","UR","AM",""
"10/21/2014 15:38:23","3","Chasing","7","MR","AM",""
"10/21/2014 15:39:22","3","Chasing","5","ML","AM",""
"10/21/2014 15:40:38","12","Chasing","1","ML","AM",""
"10/21/2014 15:41:12","5","Chasing","12","ML","AM",""
"10/21/2014 15:43:40","5","Subordinate","7","UL","AM",""
"10/21/2014 15:43:59","3, 5","Fighting, Chasing","3, 5","UR","AM",""
"10/21/2014 15:47:38","3","Fighting","5","UR","AM",""
"10/21/2014 15:48:00","5","Fighting","12","UR","AM",""
"10/21/2014 15:48:53","5","Fighting, Subordinate","6","UL","AM",""
"10/21/2014 15:49:49","3","Induce-flee","7","NB4","AM",""
"10/21/2014 15:53:00","3","Fighting, Chasing","9","NB5","AM",""
"10/21/2014 15:53:19","5","Chasing","7","LR","AM",""
"10/21/2014 15:53:34","3","Fighting","5","MR","AM",""
"10/21/2014 15:57:11","5","Chasing","12","LR","AM",""
"10/21/2014 15:58:40","5","Chasing","8","AllOver","AM",""
"10/21/2014 15:58:54","5","Chasing","2","UR","AM",""
"10/21/2014 16:00:44","5","Chasing","12","LL","AM",""
"10/21/2014 16:00:59","End","End","End","End","AM",""
"10/22/2014 12:08:37","Start","Start","Start","Start","KW","sorry' had to find the keys"
"10/22/2014 12:09:53","3","Fighting, Chasing","7","NB4","KW",""
"10/22/2014 12:12:12","6","Fighting","9","LL","KW",""
"10/22/2014 12:13:13","5","Chasing","6","ML","KW",""
"10/22/2014 12:13:42","5","Fighting, Chasing","12","MR","KW",""
"10/22/2014 12:14:23","3","Chasing","5","LR","KW",""
"10/22/2014 12:16:46","5","Mounting","2","UR","KW",""
"10/22/2014 12:17:49","6","Fighting","12","UL","KW",""
"10/22/2014 12:18:29","5","Induce-flee","11","MR","KW",""
"10/22/2014 12:23:37","5","Chasing","8","LR","KW",""
"10/22/2014 12:25:07","3","Fighting, Chasing","6","NB3","KW",""
"10/22/2014 12:27:18","5","Chasing","7","UR","KW",""
"10/22/2014 12:30:47","6","Chasing","12","ML","KW",""
"10/22/2014 12:32:23","5","Induce-flee","8","MR","KW",""
"10/22/2014 12:34:59","8","Fighting","12","NB3","KW",""
"10/22/2014 12:35:36","3","Fighting","7","NB4","KW",""
"10/22/2014 12:36:00","8","Fighting","2","NB4","KW",""
"10/22/2014 12:38:14","5","Chasing","8","MR","KW",""
"10/22/2014 12:39:02","3","Chasing","5","MR","KW",""
"10/22/2014 12:39:53","6","Chasing","11","UL","KW",""
"10/22/2014 12:40:16","6","Chasing","12","LR","KW",""
"10/22/2014 12:40:59","3","Fighting","6","LL","KW",""
"10/22/2014 12:48:03","4","Mounting","3","LR","KW",""
"10/22/2014 12:48:26","5","Chasing","12","ML","KW",""
"10/22/2014 12:50:40","8","Mounting","9","NB2","KW",""
"10/22/2014 12:52:55","6","Chasing","12","LL","KW",""
"10/22/2014 12:53:34","5","Induce-flee","7","LR","KW",""
"10/22/2014 12:55:09","6","Fighting","4","UL","KW",""
"10/22/2014 12:56:15","6","Mounting","11","UL","KW",""
"10/22/2014 12:58:36","5","Chasing","1","MR","KW",""
"10/22/2014 12:59:07","End","End","End","End","KW",""
"10/22/2014 12:59:59","Start","Start","Start","Start","BN",""
"10/22/2014 13:00:57","5","Chasing","6","UL","BN",""
"10/22/2014 13:02:45","8, 10","Fighting","8, 10","NB3","BN",""
"10/22/2014 13:04:46","8","Fighting","2","NB4","BN",""
"10/22/2014 13:06:21","5","Induce-flee","12","MR","BN",""
"10/22/2014 13:07:16","5","Chasing","10","UR","BN",""
"10/22/2014 13:08:28","5","Fighting, Chasing","9","MR","BN",""
"10/22/2014 13:09:57","8","Fighting","9","LR","BN",""
"10/22/2014 13:10:29","8","Subordinate","7","NB5","BN",""
"10/22/2014 13:14:16","5","Induce-flee","8","UR","BN",""
"10/22/2014 13:14:36","5","Chasing, Subordinate","10","UL","BN",""
"10/22/2014 13:15:05","5","Fighting","8","UL, UR","BN",""
"10/22/2014 13:16:21","5","Fighting","2","ML, MR","BN",""
"10/22/2014 13:18:20","5","Fighting","11","LR","BN",""
"10/22/2014 13:19:57","5","Chasing","1","UL","BN",""
"10/22/2014 13:20:19","3","Induce-flee","5","UR","BN",""
"10/22/2014 13:21:13","5","Fighting","8","MR","BN",""
"10/22/2014 13:22:03","5","Chasing","9","UR","BN",""
"10/22/2014 13:22:26","3","Induce-flee","5","ML","BN",""
"10/22/2014 13:24:14","5","Fighting","11, 12","UL, ML","BN",""
"10/22/2014 13:24:59","5","Chasing","9","UR","BN",""
"10/22/2014 13:26:43","8","Fighting","10","UL","BN",""
"10/22/2014 13:27:52","3","Fighting","8","NB3","BN",""
"10/22/2014 13:28:50","5","Induce-flee","12","UR","BN",""
"10/22/2014 13:29:48","5","Fighting","7","UR","BN",""
"10/22/2014 13:30:31","5","Chasing","11","UR","BN",""
"10/22/2014 13:30:52","5","Chasing","7","UL","BN",""
"10/22/2014 13:34:39","12","Subordinate","1","UL","BN",""
"10/22/2014 13:35:43","5","Chasing","1","MR","BN",""
"10/22/2014 13:36:50","3","Subordinate","5","UR","BN",""
"10/22/2014 13:39:04","5","Fighting","8","MR","BN",""
"10/22/2014 13:40:06","5","Fighting","11","MR","BN","biting 11 while 11 is at bottom of tube"
"10/22/2014 13:40:39","5","Chasing","10","UR","BN",""
"10/22/2014 13:41:21","5","Induce-flee","9","UR","BN",""
"10/22/2014 13:42:08","6","Induce-flee","1","ML","BN",""
"10/22/2014 13:44:34","5","Induce-flee","11","MR","BN",""
"10/22/2014 13:47:18","5","Induce-flee","6","UR","BN",""
"10/22/2014 13:47:33","5","Fighting","9","UR","BN",""
"10/22/2014 13:47:53","5","Fighting","2","UL, UR","BN",""
"10/22/2014 13:49:15","5","Induce-flee","1","ML","BN",""
"10/22/2014 13:49:36","5","Fighting","2","UR","BN",""
"10/22/2014 13:51:07","5","Induce-flee","6","ML","BN",""
"10/22/2014 13:51:36","5","Fighting","1, 7","UL","BN",""
"10/22/2014 13:52:34","5","Induce-flee","7","UL","BN",""
"10/22/2014 13:53:25","3","Induce-flee","1, 7","LL","BN",""
"10/22/2014 13:54:26","3","Chasing, Subordinate","7","LR","BN",""
"10/22/2014 13:55:15","3","Subordinate","5","UL","BN",""
"10/22/2014 13:56:43","8","Fighting","9","NB5","BN",""
"10/22/2014 13:58:03","8","Subordinate","10","NB4, NB5","BN","in tube btwn 4 and 5"
"10/22/2014 13:58:55","8","Fighting","11","NB5","BN",""
"10/22/2014 13:59:57","8","Subordinate","4","NB2","BN",""
"10/22/2014 14:00:21","End","End","End","End","BN",""
"10/23/2014 11:59:35","Start","Start","Start","Start","DG",""
"10/23/2014 12:01:09","5","Induce-flee","11","LR","DG",""
"10/23/2014 12:03:08","5","Subordinate","12","UL","DG",""
"10/23/2014 12:09:14","5","Fighting, Chasing","3","UL","DG","the fight was initiated by 3, but won by 5"
"10/23/2014 12:10:15","5","Fighting","3","ML","DG",""
"10/23/2014 12:11:59","8","Chasing","10","NB1","DG","8 was trying to push 10 up a tube"
"10/23/2014 12:13:26","8","Chasing","12","NB1","DG",""
"10/23/2014 12:14:57","5","Fighting, Chasing","9","UL","DG",""
"10/23/2014 12:16:05","5","Chasing","11","UR","DG",""
"10/23/2014 12:19:59","4","Mounting","2","NB3","DG",""
"10/23/2014 12:20:09","4","Mounting","2","NB3","DG",""
"10/23/2014 12:20:48","1","Chasing","9","LL","DG",""
"10/23/2014 12:22:29","5","Fighting, Chasing","7","UR","DG",""
"10/23/2014 12:24:00","5","Fighting, Chasing","11","MR","DG",""
"10/23/2014 12:27:58","4","Chasing","2","LL","DG",""
"10/23/2014 12:30:13","5","Fighting, Chasing","9","MR","DG",""
"10/23/2014 12:30:15","5","Fighting, Chasing","9","MR","DG",""
"10/23/2014 12:31:58","5","Fighting, Chasing","4","LL","DG","5 attempting to pull 4 up tube with teeth"
"10/23/2014 12:32:02","5","Fighting, Chasing","4","LL","DG","5 attempting to pull 4 up tube with teeth"
"10/23/2014 12:34:57","5","Chasing","7","UL","DG",""
"10/23/2014 12:36:58","5","Chasing","10","ML","DG",""
"10/23/2014 12:38:38","5","Induce-flee","10","MR","DG",""
"10/23/2014 12:39:18","5","Chasing","2","MR","DG",""
"10/23/2014 12:46:49","10","Chasing","4","LR","DG",""
"10/23/2014 12:48:01","8","Fighting","9","NB5","DG",""
"10/23/2014 12:49:21","5","Chasing","12","UL","DG",""
"10/23/2014 12:49:29","5","Chasing","12","UL","DG",""
"10/23/2014 12:50:40","5","Chasing","2","LR","DG",""
"10/23/2014 12:52:30","5","Induce-flee","7","MR","DG",""
"10/23/2014 12:53:11","8","Fighting","6","NB5","DG",""
"10/23/2014 12:54:02","5","Chasing","4","MR","DG",""
"10/23/2014 12:54:55","5","Chasing","12","MR","DG",""
"10/23/2014 12:57:47","5","Chasing","4","ML","DG",""
"10/23/2014 13:00:23","End","End","End","End","DG",""
"10/23/2014 13:01:17","Start","Start","Start","Start","BN",""
"10/23/2014 13:03:31","5","Fighting","11","UL","BN",""
"10/23/2014 13:04:41","6","Subordinate","1","NB5","BN",""
"10/23/2014 13:04:59","3","Fighting","5","LR","BN",""
"10/23/2014 13:08:24","5","Subordinate","4","UL","BN",""
"10/23/2014 13:09:04","5","Fighting","9","UL","BN",""
"10/23/2014 13:09:50","8","Induce-flee","4, 11","UR","BN",""
"10/23/2014 13:11:00","3","Fighting, Subordinate","8","NB1, NB2","BN",""
"10/23/2014 13:13:39","5","Subordinate","7","UL","BN",""
"10/23/2014 13:15:49","5","Chasing","10","UL","BN",""
"10/23/2014 13:16:45","5","Subordinate","7","LR","BN",""
"10/23/2014 13:17:13","6","Fighting","8","ML","BN",""
"10/23/2014 13:17:31","5","Induce-flee","11","LR","BN",""
"10/23/2014 13:19:14","6","Fighting","12","ML, NB2","BN",""
"10/23/2014 13:21:21","8","Fighting","10","LR","BN","tube"
"10/23/2014 13:22:03","8","Subordinate","1","NB3","BN",""
"10/23/2014 13:22:40","8","Fighting, Induce-flee","10","NB4","BN",""
"10/23/2014 13:24:16","6","Fighting","12","UL","BN",""
"10/23/2014 13:25:01","6","Fighting","12","LL","BN",""
"10/23/2014 13:27:15","6","Fighting","9","LL","BN",""
"10/23/2014 13:27:33","8","Fighting","2","NB4","BN",""
"10/23/2014 13:28:07","6","Fighting, Chasing","8","LR","BN",""
"10/23/2014 13:28:40","5","Fighting","2","MR","BN",""
"10/23/2014 13:30:48","5","Fighting","9","UL","BN",""
"10/23/2014 13:32:32","5","Chasing","8","MR","BN",""
"10/23/2014 13:32:56","8","Fighting","1","NB5","BN",""
"10/23/2014 13:34:05","6","Induce-flee","10","UL","BN",""
"10/23/2014 13:34:32","5","Subordinate","6","UL","BN",""
"10/23/2014 13:35:43","6","Induce-flee","1","UR","BN",""
"10/23/2014 13:36:11","5","Fighting","7","UR","BN",""
"10/23/2014 13:38:02","5","Chasing","6","MR","BN",""
"10/23/2014 13:38:39","5","Fighting, Chasing","6, 10","UL","BN",""
"10/23/2014 13:41:32","5","Induce-flee","10","ML","BN",""
"10/23/2014 13:42:02","5","Fighting","8","MR","BN",""
"10/23/2014 13:43:12","4","Fighting","6","MR","BN",""
"10/23/2014 13:45:17","6","Fighting","10","LR","BN",""
"10/23/2014 13:47:36","5","Fighting","7","UR","BN",""
"10/23/2014 13:47:52","5","Fighting","11","UR","BN",""
"10/23/2014 13:48:21","5","Chasing","10","MR","BN",""
"10/23/2014 13:49:03","8","Fighting","10","NB3","BN",""
"10/23/2014 13:51:13","6","Fighting","10","UL","BN",""
"10/23/2014 13:52:22","3, 8","Fighting","3, 8","NB4","BN",""
"10/23/2014 13:53:36","8","Fighting","4","NB4","BN",""
"10/23/2014 13:55:20","6","Fighting","2, 8","LL","BN",""
"10/23/2014 13:56:51","4","Induce-flee","1","UR","BN",""
"10/23/2014 13:57:34","3","Induce-flee","10","UR","BN",""
"10/23/2014 13:57:55","5","Fighting","10","UR","BN",""
"10/23/2014 13:58:17","6","Fighting","11","UL","BN",""
"10/23/2014 13:58:47","5","Fighting","10","MR","BN",""
"10/23/2014 13:59:06","3","Induce-flee","5","MR","BN",""
"10/23/2014 14:00:44","End","End","End","End","BN",""
"10/24/2014 11:59:50","Start","Start","Start","Start","CW",""
"10/24/2014 12:03:47","5","Fighting","12","MR","CW",""
"10/24/2014 12:04:39","2","Induce-flee","9","UR","CW",""
"10/24/2014 12:07:00","5","Induce-flee","12","UR","CW",""
"10/24/2014 12:07:27","12","Chasing","1","UL","CW",""
"10/24/2014 12:07:39","5","Fighting","12","UL","CW",""
"10/24/2014 12:09:06","5","Chasing","9","UR","CW",""
"10/24/2014 12:11:09","5","Fighting","2","UR","CW",""
"10/24/2014 12:13:23","5","Chasing","10","AllOver","CW",""
"10/24/2014 12:14:25","5","Fighting, Chasing","12","UL","CW",""
"10/24/2014 12:15:40","8","Fighting","9","NB4","CW",""
"10/24/2014 12:16:00","5","Fighting","2","MR","CW",""
"10/24/2014 12:17:18","8","Induce-flee","11","NB2","CW",""
"10/24/2014 12:18:04","5","Fighting","7","LR","CW",""
"10/24/2014 12:18:23","6","Chasing","1","LL","CW",""
"10/24/2014 12:20:05","5","Fighting","3","NB2","CW","5 was biting 2 and blocking 2 from escaping the tube"
"10/24/2014 12:20:52","8","Chasing","7","NB5","CW",""
"10/24/2014 12:23:57","5","Chasing","6","MR","CW",""
"10/24/2014 12:26:22","5","Chasing","9","ML","CW",""
"10/24/2014 12:28:57","5","Fighting, Chasing","4","MR","CW",""
"10/24/2014 12:29:11","5","Fighting, Chasing","7","NB1","CW",""
"10/24/2014 12:29:53","5","Chasing","11","ML","CW",""
"10/24/2014 12:31:38","5","Fighting","1","LR","CW",""
"10/24/2014 12:32:02","5","Chasing","2","UR","CW",""
"10/24/2014 12:36:42","8","Fighting","1","NB5","CW","8 attacking 1 in tube between NB4 and NB5"
"10/24/2014 12:37:39","8","Chasing","3","NB4","CW",""
"10/24/2014 12:38:05","8","Fighting","9","NB5","CW",""
"10/24/2014 12:38:29","8","Induce-flee","7","NB1","CW",""
"10/24/2014 12:39:01","5","Chasing","10","LR","CW",""
"10/24/2014 12:39:42","5","Chasing","12","LR","CW",""
"10/24/2014 12:40:51","8","Fighting","7","NB5","CW",""
"10/24/2014 12:42:32","5","Fighting, Chasing","4","LR","CW",""
"10/24/2014 12:43:00","5","Chasing","4","UL","CW",""
"10/24/2014 12:46:19","5","Fighting","9","LR","CW",""
"10/24/2014 12:52:57","8","Fighting","10","NB5","CW",""
"10/24/2014 12:54:15","8","Fighting","10","NB5","CW","separate fight from previous -- 8 left nb5 and then returned and started fighting 10"
"10/24/2014 13:00:18","5","Fighting","1","MR","CW",""
"10/24/2014 13:06:57","5","Chasing","9","MR","CW",""
"10/24/2014 13:12:10","5","Chasing","8","ML","CW",""
"10/24/2014 13:17:02","5","Chasing","8","UL","CW",""
"10/24/2014 13:17:18","5","Chasing","12","LR","CW",""
"10/24/2014 13:18:47","5","Fighting","3","LL","CW",""
"10/24/2014 13:23:26","8","Fighting","12","NB2","CW",""
"10/24/2014 13:30:44","5","Chasing","10","UR","CW",""
"10/24/2014 13:31:09","8","Fighting","11","NB5","CW",""
"10/24/2014 13:35:08","5","Chasing","2","UR","CW",""
"10/24/2014 13:41:29","8","Fighting","10","NB5","CW",""
"10/24/2014 13:42:38","8","Fighting","3","NB5","CW",""
"10/24/2014 13:43:44","8","Fighting","1","NB1","CW",""
"10/24/2014 13:45:17","5","Chasing","2","MR","CW",""
"10/24/2014 13:49:05","5","Induce-flee","9","UL","CW",""
"10/24/2014 13:52:34","8","Induce-flee","9","NB1","CW",""
"10/24/2014 14:00:19","End","End","End","End","CW",""
"10/25/2014 16:00:10","Start","Start","Start","Start","WL",""
"10/25/2014 16:03:21","6","Chasing","10","ML","WL",""
"10/25/2014 16:05:04","6","Fighting, Chasing","12","UL","WL",""
"10/25/2014 16:05:41","5","Fighting, Chasing","12","MR","WL",""
"10/25/2014 16:06:26","6","Fighting, Chasing","9","UL","WL",""
"10/25/2014 16:06:51","6","Fighting, Chasing","9","LL","WL",""
"10/25/2014 16:07:33","5","Chasing","4, 11","UR","WL",""
"10/25/2014 16:07:53","5","Fighting, Chasing","2","LL","WL",""
"10/25/2014 16:09:02","5","Fighting, Chasing, Subordinate","11","UL","WL",""
"10/25/2014 16:09:21","8","Subordinate","1","NB5","WL",""
"10/25/2014 16:12:02","5","Chasing","7","UR","WL",""
"10/25/2014 16:13:05","5","Induce-flee","6","UL","WL",""
"10/25/2014 16:14:20","8","Fighting, Subordinate","10","NB5","WL",""
"10/25/2014 16:15:06","8","Fighting, Subordinate","10","NB5","WL",""
"10/25/2014 16:19:17","6","Chasing","10","AllOver","WL",""
"10/25/2014 16:20:23","6","Fighting","1","UL","WL",""
"10/25/2014 16:21:04","8","Fighting, Subordinate","10","NB5","WL",""
"10/25/2014 16:24:40","8","Fighting, Chasing","10","NB4","WL",""
"10/25/2014 16:32:45","8","Fighting, Chasing, Subordinate","2","NB2","WL",""
"10/25/2014 16:35:31","10","Chasing","2","UL","WL",""
"10/25/2014 16:47:03","5","Chasing","8","UL","WL",""
"10/25/2014 16:54:02","5","Chasing","10","UR","WL",""
"10/25/2014 16:57:05","5","Chasing","10","UL","WL",""
"10/25/2014 17:02:06","5","Induce-flee","1","UL","WL",""
"10/25/2014 17:02:38","5","Chasing","1","UL","WL",""
"10/25/2014 17:03:40","5","Chasing","3","ML","WL",""
"10/25/2014 17:04:10","8","Fighting","3","NB5","WL",""
"10/25/2014 17:06:02","5","Chasing","4","UL","WL",""
"10/25/2014 17:10:20","6","Fighting, Chasing","10","UL","WL",""
"10/25/2014 17:10:55","6","Fighting, Chasing","10","UL","WL",""
"10/25/2014 17:11:39","6","Fighting, Chasing","11","UL","WL",""
"10/25/2014 17:15:44","5","Fighting, Chasing","10","AllOver","WL",""
"10/25/2014 17:19:59","8","Fighting","10","NB5","WL",""
"10/25/2014 17:21:13","5","Chasing","12","UR","WL",""
"10/25/2014 17:24:23","5","Chasing","6","UL","WL",""
"10/25/2014 17:26:38","7","Chasing","4","MR","WL",""
"10/25/2014 17:30:07","5","Subordinate","12","UR","WL",""
"10/25/2014 17:31:44","8","Fighting, Chasing","3, 10","NB3","WL",""
"10/25/2014 17:34:05","5","Chasing","12","UR","WL",""
"10/25/2014 17:39:25","8","Fighting","10","NB5","WL",""
"10/25/2014 17:39:37","6","Fighting, Chasing","2","UL","WL",""
"10/25/2014 17:40:47","5","Chasing, Subordinate","12","UR","WL",""
"10/25/2014 17:42:53","6","Chasing","9","ML","WL",""
"10/25/2014 17:43:04","5","Chasing","6","UR","WL",""
"10/25/2014 17:46:14","6","Fighting, Chasing","2","ML","WL",""
"10/25/2014 17:48:36","5","Fighting, Chasing","12","UL","WL",""
"10/25/2014 17:51:13","5","Chasing","7","LL","WL",""
"10/25/2014 17:51:48","7","Chasing","1","ML","WL",""
"10/25/2014 17:53:42","5","Chasing","7","UR","WL",""
"10/25/2014 17:55:33","6","Fighting, Chasing, Subordinate","11","UL","WL",""
"10/25/2014 17:56:52","4","Fighting, Chasing","6","ML","WL",""
"10/25/2014 17:58:09","7","Chasing","11","UL","WL",""
"10/25/2014 17:59:18","5","Induce-flee","6","ML","WL",""
"10/25/2014 18:00:54","End","End","End","End","WL",""
"10/26/2014 14:01:41","Start","Start","Start","Start","WL",""
"10/26/2014 14:05:17","4","Fighting, Chasing","6","UL","WL",""
"10/26/2014 14:07:44","5","Induce-flee","8","MR","WL",""
"10/26/2014 14:08:43","5","Chasing","6","UL","WL",""
"10/26/2014 14:09:08","5","Chasing","6","ML","WL",""
"10/26/2014 14:12:27","5","Fighting, Chasing","10","LL","WL",""
"10/26/2014 14:13:52","5","Chasing","11","MR","WL",""
"10/26/2014 14:14:19","5","Chasing","6","UL","WL",""
"10/26/2014 14:15:08","4","Subordinate","2","UR","WL",""
"10/26/2014 14:15:21","5","Chasing","4","UR","WL",""
"10/26/2014 14:16:33","8","Fighting, Chasing, Subordinate","9","NB5","WL",""
"10/26/2014 14:16:46","8","Fighting, Subordinate","1","NB5","WL",""
"10/26/2014 14:18:14","8","Fighting","11","NB5","WL",""
"10/26/2014 14:18:49","6","Induce-flee","11","UL","WL",""
"10/26/2014 14:19:46","5","Chasing","12","LL","WL",""
"10/26/2014 14:20:57","6","Fighting","1","UL","WL",""
"10/26/2014 14:21:14","12","Fighting, Chasing","1","UL","WL",""
"10/26/2014 14:22:01","6","Fighting, Chasing","2","ML","WL",""
"10/26/2014 14:22:28","6","Fighting, Chasing","11","UL","WL",""
"10/26/2014 14:23:14","6","Chasing","10","UR","WL",""
"10/26/2014 14:24:53","5","Chasing, Subordinate","12","LR","WL",""
"10/26/2014 14:25:09","5","Subordinate","8","NB5","WL",""
"10/26/2014 14:25:48","5","Chasing","7","UR","WL",""
"10/26/2014 14:26:25","5","Chasing","11","UR","WL",""
"10/26/2014 14:28:21","7","Chasing","6","MR","WL",""
"10/26/2014 14:30:31","5","Chasing","6","ML","WL",""
"10/26/2014 14:31:00","5","Fighting, Subordinate","6","UL","WL",""
"10/26/2014 14:31:49","5","Fighting, Chasing","10","UL","WL",""
"10/26/2014 14:32:46","6","Chasing","1","UL","WL",""
"10/26/2014 14:34:14","6","Chasing","10","UL","WL",""
"10/26/2014 14:35:58","5","Chasing","12","UR","WL",""
"10/26/2014 14:37:18","4","Chasing","2","UR","WL",""
"10/26/2014 14:37:58","6","Chasing","10","UR","WL",""
"10/26/2014 14:38:17","6","Fighting, Chasing","2","UL","WL",""
"10/26/2014 14:40:38","12","Chasing","1","UR","WL",""
"10/26/2014 14:41:37","7","Chasing","11","UL","WL",""
"10/26/2014 14:42:14","5","Chasing","7, 10","UR","WL",""
"10/26/2014 14:43:20","4","Chasing","1","UR","WL",""
"10/26/2014 14:44:25","5","Chasing","1","LL","WL",""
"10/26/2014 14:48:32","7","Chasing","10","UL","WL",""
"10/26/2014 14:51:32","7","Chasing","1","UR","WL",""
"10/26/2014 14:51:56","4","Chasing","10","UR","WL",""
"10/26/2014 14:56:31","5","Fighting, Mounting, Subordinate","9","LL","WL",""
"10/26/2014 15:07:29","5","Chasing","2","ML","WL",""
"10/26/2014 15:08:34","5","Chasing","6","UR","WL",""
"10/26/2014 15:09:55","4","Chasing","2","UR","WL",""
"10/26/2014 15:10:18","7","Fighting, Chasing","11","UL","WL",""
"10/26/2014 15:10:50","6","Fighting, Chasing","12","UL","WL",""
"10/26/2014 15:15:16","4","Fighting, Chasing","2","ML","WL",""
"10/26/2014 15:17:34","6","Fighting, Chasing","9","UR","WL",""
"10/26/2014 15:17:49","6","Fighting","10","UL","WL",""
"10/26/2014 15:18:03","6","Fighting, Chasing","12","UL","WL",""
"10/26/2014 15:21:11","6","Fighting, Chasing, Mounting","2","UL","WL",""
"10/26/2014 15:21:34","6","Fighting, Chasing","8","UL","WL","!!"
"10/26/2014 15:21:51","7","Chasing","1","UL","WL",""
"10/26/2014 15:22:57","6","Chasing","1","ML","WL",""
"10/26/2014 15:24:02","6","Fighting, Chasing, Subordinate","12","UL","WL",""
"10/26/2014 15:24:13","6","Fighting, Chasing, Subordinate","1","UL","WL",""
"10/26/2014 15:24:24","7","Fighting, Chasing","1","UL","WL",""
"10/26/2014 15:25:11","4","Chasing","6","UL","WL",""
"10/26/2014 15:25:45","4","Fighting, Chasing","2","UL","WL",""
"10/26/2014 15:26:40","4","Induce-flee","10","UR","WL",""
"10/26/2014 15:28:23","6","Fighting, Chasing","12","UL","WL",""
"10/26/2014 15:28:46","5","Fighting, Chasing","11","LL","WL",""
"10/26/2014 15:29:23","5","Fighting, Chasing","8","ML","WL",""
"10/26/2014 15:30:33","5","Chasing","6","MR","WL",""
"10/26/2014 15:30:54","5","Fighting, Chasing","10","MR","WL",""
"10/26/2014 15:36:46","5","Chasing","2, 3","UL","WL",""
"10/26/2014 15:38:36","6","Fighting, Chasing, Subordinate","2","UR","WL",""
"10/26/2014 15:41:12","8","Fighting, Subordinate","7","NB5","WL",""
"10/26/2014 15:43:51","5","Chasing","6","MR","WL",""
"10/26/2014 15:46:41","5","Chasing","6","UR","WL",""
"10/26/2014 15:54:02","5","Chasing","6","ML","WL",""
"10/26/2014 15:58:51","6","Chasing","11","UL","WL",""
"10/26/2014 15:59:03","5","Fighting, Chasing","1","ML","WL",""
"10/26/2014 15:59:24","5","Induce-flee","6","ML","WL",""
"10/26/2014 16:00:17","5","Chasing","6","UL","WL",""
"10/26/2014 16:01:16","End","End","End","End","WL",""
"10/27/2014 13:00:20","Start","Start","Start","Start","AR",""
"10/27/2014 13:03:30","10","Fighting","8","NB5","AR",""
"10/27/2014 13:06:06","5","Fighting","10","NB5","AR",""
"10/27/2014 13:09:24","5","Fighting","12","MR","AR",""
"10/27/2014 13:09:46","5","Fighting, Chasing","9","ML","AR",""
"10/27/2014 13:10:10","5","Chasing","11","UR","AR",""
"10/27/2014 13:14:46","5","Fighting","8","NB5","AR",""
"10/27/2014 13:16:12","5","Fighting","8","UL","AR",""
"10/27/2014 13:16:42","5","Chasing","12","UR","AR",""
"10/27/2014 13:17:12","5","Chasing","8","MR","AR",""
"10/27/2014 13:18:59","5","Fighting, Chasing","1","MR","AR",""
"10/27/2014 13:22:14","12","Chasing","11","UR","AR",""
"10/27/2014 13:24:18","5","Fighting, Chasing","7","MR","AR",""
"10/27/2014 13:25:23","5","Fighting","8","MR","AR",""
"10/27/2014 13:31:41","5","Chasing","2","ML","AR",""
"10/27/2014 13:34:17","5","Fighting, Chasing","8","ML","AR",""
"10/27/2014 13:34:51","5","Fighting","11","UL","AR",""
"10/27/2014 13:50:19","5","Chasing","8","UL","AR",""
"10/27/2014 13:54:59","5","Fighting, Chasing","8","NB4","AR",""
"10/27/2014 13:58:01","5","Fighting, Mounting","8","UL","AR",""
"10/27/2014 14:10:23","5","Fighting","12","MR","AR",""
"10/27/2014 14:15:28","5","Fighting","9","ML","AR",""
"10/27/2014 14:21:29","5","Chasing","4","UL","AR",""
"10/27/2014 14:30:39","6","Fighting","10","UL","AR",""
"10/27/2014 14:38:18","9","Chasing","7","UL","AR",""
"10/27/2014 14:40:02","5","Chasing","12","ML","AR",""
"10/27/2014 14:41:07","5","Chasing","6","MR","AR",""
"10/27/2014 14:43:44","5","Chasing","8","UR","AR",""
"10/27/2014 14:46:38","5","Chasing","6","UR","AR",""
"10/27/2014 14:48:00","6","Fighting, Chasing","8","UL","AR",""
"10/27/2014 14:48:25","6","Fighting, Mounting","1","UL","AR",""
"10/27/2014 14:50:47","5","Fighting","8","NB5","AR",""
"10/27/2014 14:52:08","6","Fighting","12","UR","AR",""
"10/27/2014 14:52:57","6","Fighting","1","NB1","AR",""
"10/27/2014 14:53:37","5","Fighting","3","NB4","AR",""
"10/27/2014 14:54:14","6","Fighting","9","UL","AR",""
"10/27/2014 14:54:29","6","Fighting, Chasing","12","UL","AR",""
"10/27/2014 14:54:54","5","Fighting","4","UR","AR",""
"10/27/2014 14:55:06","6","Fighting, Chasing","8","UL","AR",""
"10/27/2014 14:57:00","5","Chasing","11","MR","AR",""
"10/27/2014 14:59:53","6","Fighting","8","UR","AR",""
"10/27/2014 15:00:14","End","End","End","End","AR",""
"10/28/2014 14:00:49","Start","Start","Start","Start","AM",""
"10/28/2014 14:04:14","5","Chasing","6","NB5","AM",""
"10/28/2014 14:06:23","5","Chasing","9","LL","AM",""
"10/28/2014 14:07:59","5","Chasing","7","LL","AM",""
"10/28/2014 14:12:12","5","Chasing","2, 12","LR","AM",""
"10/28/2014 14:13:50","4","Chasing","12","MR","AM",""
"10/28/2014 14:17:46","5","Induce-flee","12","LR","AM",""
"10/28/2014 14:19:06","10","Chasing","2","MR","AM",""
"10/28/2014 14:21:30","12","Chasing","10","ML","AM",""
"10/28/2014 14:23:24","4","Mounting","2","MR","AM",""
"10/28/2014 14:27:06","4","Chasing","1","UL","AM",""
"10/28/2014 14:27:20","5","Chasing","2","LR","AM",""
"10/28/2014 14:28:13","4","Chasing","10","MR","AM",""
"10/28/2014 14:32:42","5","Chasing","8","UL","AM",""
"10/28/2014 14:34:46","5","Chasing","8","UL","AM",""
"10/28/2014 14:35:30","5","Chasing","1","UR","AM",""
"10/28/2014 14:40:18","12","Chasing","10","ML","AM",""
"10/28/2014 14:41:13","8","Chasing","2","UR","AM",""
"10/28/2014 14:41:28","5","Chasing","8","UR","AM",""
"10/28/2014 14:45:04","5","Chasing","10","MR","AM",""
"10/28/2014 14:45:43","8","Chasing","10","ML","AM",""
"10/28/2014 14:47:50","5","Chasing","10","LL","AM",""
"10/28/2014 14:50:19","5","Chasing","1","UR","AM",""
"10/28/2014 14:50:39","5","Chasing","8","UL","AM",""
"10/28/2014 14:53:47","6","Chasing, Mounting","10","UL","AM",""
"10/28/2014 14:54:14","6","Chasing, Subordinate","8","UL","AM",""
"10/28/2014 14:55:25","6","Chasing","8","AllOver","AM",""
"10/28/2014 14:55:39","6","Chasing","1","UL","AM",""
"10/28/2014 15:06:20","6","Mounting","11","UL","AM",""
"10/28/2014 15:06:35","6","Chasing","8","UL","AM",""
"10/28/2014 15:06:49","5","Chasing","6","ML","AM",""
"10/28/2014 15:13:58","5","Chasing","4","MR","AM",""
"10/28/2014 15:20:20","5","Fighting, Chasing, Subordinate","7","NB5","AM",""
"10/28/2014 15:22:28","5","Chasing","4","MR","AM",""
"10/28/2014 15:49:24","5","Chasing","11","MR","AM",""
"10/28/2014 15:53:42","5","Chasing","9","ML","AM",""
"10/28/2014 15:55:04","10","Chasing","9","ML","AM",""
"10/28/2014 15:56:24","5","Chasing","10","ML","AM",""
"10/28/2014 15:58:10","10","Chasing","9","UR","AM",""
"10/28/2014 15:58:29","5","Chasing","10","MR","AM",""
"10/28/2014 16:00:27","End","End","End","End","AM",""
"10/29/2014 12:01:53","Start","Start","Start","Start","KW",""
"10/29/2014 12:06:52","8","Fighting, Chasing","9","MR","KW","long fight/chase (10 sec) 8 chased 9 from mr to ml to ul to ur back to ul all while biting him"
"10/29/2014 12:11:52","8","Fighting, Chasing","9","MR","KW","only 8 and 9 are upstairs/not in the nbs"
"10/29/2014 12:14:34","5","Fighting, Chasing","8","UL","KW",""
"10/29/2014 12:15:18","5","Chasing","8","ML","KW",""
"10/29/2014 12:16:12","5","Fighting, Chasing","9","MR","KW",""
"10/29/2014 12:16:30","5","Fighting, Chasing","8","UL","KW",""
"10/29/2014 12:18:49","5","Fighting, Chasing","8","ML","KW",""
"10/29/2014 12:19:24","5","Fighting, Chasing","8","UL","KW",""
"10/29/2014 12:21:01","5","Fighting","8","UR","KW","8 wont leave the upper level despite being continuously attacked by 5"
"10/29/2014 12:25:02","5","Fighting","2","LL","KW",""
"10/29/2014 12:31:11","5","Chasing","9","ML","KW",""
"10/29/2014 12:34:27","5","Fighting, Chasing","3","UL","KW",""
"10/29/2014 12:36:01","5","Fighting, Chasing","10","LR","KW",""
"10/29/2014 12:38:29","5","Fighting","12","NB5","KW",""
"10/29/2014 12:43:36","5","Chasing","10","MR","KW",""
"10/29/2014 12:43:51","5","Fighting","11","UL","KW",""
"10/29/2014 12:44:48","5","Fighting, Chasing","8","UL","KW",""
"10/29/2014 12:47:03","5","Induce-flee","6","MR","KW",""
"10/29/2014 12:48:24","5","Chasing","8","UL","KW",""
"10/29/2014 12:52:21","5","Chasing","7","UR","KW",""
"10/29/2014 12:53:31","5","Induce-flee","8","UL","KW",""
"10/29/2014 12:54:59","5","Chasing","8","UR","KW",""
"10/29/2014 12:55:39","5","Induce-flee","9","MR","KW",""
"10/29/2014 12:57:40","5","Chasing","8","UR","KW",""
"10/29/2014 12:58:00","5","Chasing","10","MR","KW",""
"10/29/2014 12:59:53","End","End","End","End","KW",""
"10/29/2014 13:00:47","Start","Start","Start","Start","BN",""
"10/29/2014 13:06:30","5","Fighting","3","UL","BN",""
"10/29/2014 13:08:01","5","Fighting","8","UL","BN",""
"10/29/2014 13:08:31","5","Fighting","8","ML, MR","BN",""
"10/29/2014 13:08:58","5","Fighting, Chasing","8","ML","BN",""
"10/29/2014 13:10:38","5","Fighting","8, 11","UL","BN",""
"10/29/2014 13:10:54","5","Fighting","2","ML","BN",""
"10/29/2014 13:11:26","5","Fighting","3","ML","BN",""
"10/29/2014 13:15:58","5","Fighting","8","UL","BN",""
"10/29/2014 13:16:59","5","Fighting","8","UL","BN",""
"10/29/2014 13:17:33","6","Chasing","8","UL","BN",""
"10/29/2014 13:18:11","5","Fighting","10","UR","BN",""
"10/29/2014 13:18:36","5","Induce-flee","9","ML","BN",""
"10/29/2014 13:20:56","6","Fighting","12","ML","BN",""
"10/29/2014 13:21:21","6","Fighting","10","MR","BN",""
"10/29/2014 13:25:05","5","Induce-flee","4","MR","BN",""
"10/29/2014 13:25:55","5","Fighting","7","UR","BN",""
"10/29/2014 13:30:36","6","Fighting","8, 11","UL","BN",""
"10/29/2014 13:31:02","6","Fighting","8","UL, ML","BN",""
"10/29/2014 13:33:57","5","Induce-flee","11","ML","BN",""
"10/29/2014 13:37:20","5","Fighting","10","MR","BN",""
"10/29/2014 13:37:58","5","Fighting","8","UL","BN",""
"10/29/2014 13:40:03","5","Fighting","10","MR","BN",""
"10/29/2014 13:48:28","5","Induce-flee","10","ML","BN",""
"10/29/2014 13:50:29","5","Induce-flee","10","UR","BN",""
"10/29/2014 13:54:28","5","Fighting","10","LL","BN","10 jumped from the slide in LL on top of 5, 5 won the fight in the end"
"10/29/2014 14:00:19","End","End","End","End","BN",""
"10/30/2014 12:01:23","Start","Start","Start","Start","DG",""
"10/30/2014 12:02:57","8","Chasing","10","ML","DG",""
"10/30/2014 12:04:32","8","Chasing","2","UL","DG",""
"10/30/2014 12:06:21","5","Chasing","2","UR","DG",""
"10/30/2014 12:08:03","5","Chasing","12","LL","DG",""
"10/30/2014 12:08:56","5","Fighting, Chasing","7","UR","DG",""
"10/30/2014 12:10:20","8","Chasing","10","UR","DG",""
"10/30/2014 12:11:24","5","Chasing","3","MR","DG",""
"10/30/2014 12:12:59","12","Chasing","10","MR","DG",""
"10/30/2014 12:13:45","2","Chasing","10","UR","DG",""
"10/30/2014 12:15:08","5","Chasing","10","UL","DG",""
"10/30/2014 12:16:16","5","Chasing","4","ML","DG",""
"10/30/2014 12:17:17","5","Chasing","10","ML","DG",""
"10/30/2014 12:17:44","5","Chasing","9","MR","DG",""
"10/30/2014 12:18:11","5","Fighting, Chasing","8","UL","DG",""
"10/30/2014 12:19:52","5","Chasing","8","MR","DG",""
"10/30/2014 12:21:01","5","Fighting, Chasing","7","MR","DG",""
"10/30/2014 12:21:31","5","Chasing","11","UL","DG",""
"10/30/2014 12:25:14","5","Chasing","12","LR","DG",""
"10/30/2014 12:26:32","4","Chasing","10","UL","DG",""
"10/30/2014 12:26:53","12","Chasing","10","UL","DG",""
"10/30/2014 12:27:22","2","Chasing","12","MR","DG",""
"10/30/2014 12:28:20","4","Chasing","11","MR","DG",""
"10/30/2014 12:29:20","12","Fighting, Chasing","10","UL","DG",""
"10/30/2014 12:32:51","5","Induce-flee","12","ML","DG",""
"10/30/2014 12:35:23","4","Chasing, Mounting","2","MR","DG",""
"10/30/2014 12:37:28","4","Induce-flee","11","UL","DG",""
"10/30/2014 12:39:35","10","Chasing","11","ML","DG",""
"10/30/2014 12:41:14","4","Fighting, Chasing","12","MR","DG",""
"10/30/2014 12:42:11","5","Chasing","11","MR","DG",""
"10/30/2014 12:43:34","5","Fighting, Chasing","3","AllOver","DG",""
"10/30/2014 12:44:24","12","Chasing","10","MR","DG",""
"10/30/2014 12:45:09","12","Fighting","2","UL","DG",""
"10/30/2014 12:47:04","12","Chasing","10","ML","DG",""
"10/30/2014 12:49:53","2","Fighting, Chasing","11","MR","DG",""
"10/30/2014 12:50:32","12","Fighting, Chasing","9","MR","DG",""
"10/30/2014 12:52:36","6","Chasing","11","UR","DG",""
"10/30/2014 12:53:01","12","Chasing","9","ML","DG",""
"10/30/2014 12:54:01","2","Chasing","1","MR","DG",""
"10/30/2014 12:55:54","12","Chasing","11","MR","DG",""
"10/30/2014 12:56:21","6","Chasing","12","MR","DG",""
"10/30/2014 12:57:18","6","Fighting, Chasing","12","ML","DG",""
"10/30/2014 12:58:09","5","Chasing","10","NB5","DG",""
"10/30/2014 12:59:29","5","Fighting, Chasing","11","NB3","DG",""
"10/30/2014 13:00:25","End","End","End","End","DG",""
"10/30/2014 13:03:36","Start","Start","Start","Start","BN",""
"10/30/2014 13:06:11","6","Fighting","10","UL","BN",""
"10/30/2014 13:06:33","6","Fighting","12","ML","BN",""
"10/30/2014 13:06:55","6","Fighting","4","ML","BN",""
"10/30/2014 13:08:12","4","Induce-flee","6","MR","BN",""
"10/30/2014 13:10:35","12","Fighting","1","ML","BN",""
"10/30/2014 13:12:21","6","Subordinate","12","UR","BN",""
"10/30/2014 13:13:05","12","Induce-flee","10","UR","BN",""
"10/30/2014 13:13:28","4","Chasing","10","UL","BN",""
"10/30/2014 13:15:03","5","Subordinate","12","UR","BN",""
"10/30/2014 13:16:33","5","Chasing","6","UL","BN",""
"10/30/2014 13:17:08","6","Fighting","1","UL","BN",""
"10/30/2014 13:18:39","4","Chasing","6","MR","BN",""
"10/30/2014 13:19:16","5","Fighting","4","LL","BN",""
"10/30/2014 13:19:38","5","Fighting, Chasing","9","UR","BN",""
"10/30/2014 13:22:30","2","Induce-flee","10","ML","BN",""
"10/30/2014 13:22:45","2","Subordinate","3","ML","BN",""
"10/30/2014 13:23:45","12","Induce-flee","1","UR","BN",""
"10/30/2014 13:25:07","2","Fighting","10","UL, ML","BN",""
"10/30/2014 13:26:16","4","Induce-flee","3, 9","UL","BN",""
"10/30/2014 13:27:18","4","Induce-flee","11","ML","BN",""
"10/30/2014 13:28:18","4","Induce-flee","1, 10","MR","BN",""
"10/30/2014 13:29:29","10","Fighting","9","UL","BN",""
"10/30/2014 13:31:37","2","Fighting","10","UL, ML","BN",""
"10/30/2014 13:32:06","2","Fighting","10, 11","UL, ML","BN",""
"10/30/2014 13:32:30","2","Fighting","3","UL","BN",""
"10/30/2014 13:33:29","6","Fighting","2","UL","BN",""
"10/30/2014 13:34:00","6","Fighting, Chasing","12","MR","BN",""
"10/30/2014 13:34:34","12","Chasing","10","MR","BN",""
"10/30/2014 13:34:51","5","Induce-flee","6","ML","BN",""
"10/30/2014 13:37:07","5","Fighting","6","ML","BN",""
"10/30/2014 13:37:24","5","Subordinate","12","MR","BN",""
"10/30/2014 13:38:01","6","Fighting","12","MR","BN",""
"10/30/2014 13:42:50","6","Fighting","10","UL","BN",""
"10/30/2014 13:46:53","5","Subordinate","1, 7, 8","NB5","BN",""
"10/30/2014 13:47:09","5","Fighting","1","NB5","BN",""
"10/30/2014 13:47:51","5","Fighting, Subordinate","1","NB5","BN",""
"10/30/2014 13:49:02","5","Fighting","1","NB5","BN",""
"10/30/2014 13:55:46","5","Induce-flee","10","MR","BN",""
"10/30/2014 13:56:24","5","Fighting, Subordinate","3","UL, ML","BN",""
"10/30/2014 13:56:52","5","Fighting","3","UL","BN",""
"10/30/2014 13:59:14","5","Induce-flee","1","UR","BN",""
"10/30/2014 14:00:18","End","End","End","End","BN",""
"10/31/2014 12:01:29","Start","Start","Start","Start","CW",""
"10/31/2014 12:01:47","5","Chasing","8","MR","CW",""
"10/31/2014 12:02:31","5","Fighting","8","LR","CW",""
"10/31/2014 12:07:25","5","Chasing","11","MR","CW",""
"10/31/2014 12:08:14","5","Chasing","6","ML","CW",""
"10/31/2014 12:13:08","12","Fighting","10","ML","CW",""
"10/31/2014 12:15:17","5","Chasing","10","NB3","CW",""
"10/31/2014 12:16:16","5","Fighting, Chasing","8","UL","CW",""
"10/31/2014 12:18:35","12","Chasing","10","MR","CW",""
"10/31/2014 12:19:24","12","Chasing","4","UR","CW",""
"10/31/2014 12:19:44","6","Fighting, Chasing","12","UR","CW",""
"10/31/2014 12:21:22","5","Fighting","9","MR","CW",""
"10/31/2014 12:24:17","5","Chasing","8","LL","CW",""
"10/31/2014 12:25:18","5","Chasing","2, 4","LL","CW",""
"10/31/2014 12:27:23","12","Chasing","10","UL","CW",""
"10/31/2014 12:28:05","12","Fighting, Chasing","10","UR","CW",""
"10/31/2014 12:33:49","5","Subordinate","10","UL","CW",""
"10/31/2014 12:36:29","6","Fighting, Chasing","8","UL","CW",""
"10/31/2014 12:44:16","5","Fighting","1","NB4","CW",""
"10/31/2014 12:47:16","5","Chasing","11","LR","CW",""
"10/31/2014 12:47:36","12","Chasing","9","ML","CW",""
"10/31/2014 12:49:47","6","Chasing","12","UR","CW",""
"10/31/2014 12:56:18","5","Subordinate","12","MR","CW",""
"10/31/2014 12:57:35","5","Chasing","6","UL","CW",""
"10/31/2014 12:59:10","5","Fighting, Chasing","10","LL","CW",""
"10/31/2014 13:03:08","5","Chasing","8","UR","CW",""
"10/31/2014 13:09:29","10","Chasing","9","MR","CW",""
"10/31/2014 13:16:59","5","Fighting","10","MR","CW",""
"10/31/2014 13:18:25","5","Fighting, Chasing","6","ML","CW",""
"10/31/2014 13:21:31","12","Chasing","9","MR","CW",""
"10/31/2014 13:27:13","4","Induce-flee","9","UR","CW",""
"10/31/2014 13:29:52","6","Fighting","12","UL","CW",""
"10/31/2014 13:30:27","6","Fighting, Chasing","12","UR","CW",""
"10/31/2014 13:34:30","6","Fighting","12","MR","CW",""
"10/31/2014 13:44:30","6","Induce-flee","9","UL","CW",""
"10/31/2014 13:46:47","6","Fighting, Chasing","8","UL","CW",""
"10/31/2014 13:52:01","6","Fighting","8","UL","CW",""
"10/31/2014 13:56:34","5","Chasing","6","LR","CW",""
"10/31/2014 13:59:55","5","Induce-flee","10","UL","CW",""
"10/31/2014 14:00:25","End","End","End","End","CW",""
"11/1/2014 14:00:26","Start","Start","Start","Start","CW",""
"11/1/2014 14:03:33","4","Chasing","11","UL","CW",""
"11/1/2014 14:07:23","4","Chasing","11","UR","CW",""
"11/1/2014 14:10:32","4","Induce-flee","11","MR","CW",""
"11/1/2014 14:10:53","4","Chasing","10","UR","CW",""
"11/1/2014 14:11:21","4","Chasing","11","UR","CW",""
"11/1/2014 14:12:15","6","Fighting","8","UL","CW",""
"11/1/2014 14:13:03","6","Chasing","8","UR","CW",""
"11/1/2014 14:15:43","5","Chasing","12","ML","CW",""
"11/1/2014 14:24:09","5","Induce-flee","3","UL","CW",""
"11/1/2014 14:24:31","4","Chasing","12","UR","CW",""
"11/1/2014 14:25:00","5","Fighting, Chasing","9","LL","CW",""
"11/1/2014 14:28:46","4","Chasing","12","MR","CW",""
"11/1/2014 14:29:24","4","Fighting, Chasing","9","UR","CW",""
"11/1/2014 14:32:37","4","Fighting","10","MR","CW",""
"11/1/2014 14:32:54","4","Fighting, Chasing","9","MR","CW",""
"11/1/2014 14:35:02","12","Chasing","10","UR","CW",""
"11/1/2014 14:38:04","12","Fighting","10","UL","CW",""
"11/1/2014 14:38:54","10","Chasing","9","UL","CW",""
"11/1/2014 14:39:44","10","Fighting","9","UR","CW",""
"11/1/2014 14:42:06","7","Fighting","10","UL","CW",""
"11/1/2014 14:45:20","4","Chasing","10","UR","CW",""
"11/1/2014 14:47:16","7","Chasing","10","MR","CW",""
"11/1/2014 14:49:49","12","Chasing","10","MR","CW",""
"11/1/2014 14:51:07","4","Chasing","10","MR","CW",""
"11/1/2014 14:52:53","4","Chasing","10","UL, ML","CW","4 chased 10 up and down the middle left and upper left, about 4 times up and down"
"11/1/2014 14:57:17","5","Chasing","10","UL","CW",""
"11/1/2014 14:59:04","4","Chasing","10","UL","CW",""
"11/1/2014 14:59:29","4","Chasing","10","MR","CW",""
"11/1/2014 15:00:04","5","Fighting, Chasing","8","UL, ML","CW",""
"11/1/2014 15:06:56","6","Chasing","10","ML","CW",""
"11/1/2014 15:21:35","6","Chasing","8","UR","CW",""
"11/1/2014 15:26:38","6","Chasing","8","UR","CW",""
"11/1/2014 15:26:52","8","Chasing","4","MR","CW",""
"11/1/2014 15:33:40","6","Chasing","8","UL","CW",""
"11/1/2014 15:38:16","6","Subordinate","11","UL","CW",""
"11/1/2014 15:40:59","6","Chasing","8","UL","CW",""
"11/1/2014 16:02:18","End","End","End","End","CW",""
"11/2/2014 11:59:25","Start","Start","Start","Start","WL",""
"11/2/2014 12:02:02","7","Fighting, Chasing, Subordinate","6","UL","WL",""
"11/2/2014 12:02:59","5","Fighting, Chasing","11","LL","WL",""
"11/2/2014 12:03:20","5","Fighting, Chasing","8","UL","WL",""
"11/2/2014 12:04:51","5","Chasing","7","UR","WL",""
"11/2/2014 12:05:22","4","Fighting, Chasing","9","MR","WL",""
"11/2/2014 12:09:03","2","Chasing","10","UR","WL",""
"11/2/2014 12:09:52","5","Fighting, Chasing","11","LR","WL",""
"11/2/2014 12:12:55","5","Fighting, Chasing, Subordinate","8","UL","WL",""
"11/2/2014 12:13:08","12","Chasing","11","UR","WL",""
"11/2/2014 12:14:34","5","Subordinate","12","MR","WL",""
"11/2/2014 12:18:49","10","Fighting","9","UL","WL",""
"11/2/2014 12:21:19","12","Fighting, Chasing","10","ML","WL",""
"11/2/2014 12:23:49","6","Fighting, Chasing","10","UL","WL",""
"11/2/2014 12:24:04","5","Chasing","6","ML","WL",""
"11/2/2014 12:25:27","4","Chasing","10","MR","WL",""
"11/2/2014 12:26:28","5","Induce-flee","10","ML","WL",""
"11/2/2014 12:27:43","4","Chasing","10","UR","WL",""
"11/2/2014 12:33:15","5","Chasing","10","UL","WL",""
"11/2/2014 12:34:54","6","Fighting, Chasing","10","UL","WL",""
"11/2/2014 12:35:32","2","Fighting, Chasing","10","UR","WL",""
"11/2/2014 12:35:43","2","Fighting, Chasing, Subordinate","10","UL","WL",""
"11/2/2014 12:38:55","6","Fighting, Chasing","10","UL","WL",""
"11/2/2014 12:39:30","6","Fighting, Chasing","8","UL","WL",""
"11/2/2014 12:39:48","6","Fighting, Chasing","9","UL","WL",""
"11/2/2014 12:41:16","4","Fighting","6","UL","WL",""
"11/2/2014 12:41:26","2","Fighting, Chasing","10","UL","WL",""
"11/2/2014 12:42:30","2","Fighting, Chasing","10","UR","WL",""
"11/2/2014 12:42:55","6","Fighting","10","UL","WL",""
"11/2/2014 12:43:35","6","Fighting, Chasing","8","UL","WL","intense chase"
"11/2/2014 12:44:15","4","Fighting, Chasing, Subordinate","10","MR","WL",""
"11/2/2014 12:44:52","5","Chasing","4","MR","WL",""
"11/2/2014 12:46:15","4","Fighting","6","UL","WL",""
"11/2/2014 12:47:00","5","Induce-flee","11","UR","WL",""
"11/2/2014 12:47:28","5","Fighting","8","UL","WL",""
"11/2/2014 12:47:41","5","Chasing","7","UR","WL",""
"11/2/2014 12:49:00","6","Chasing","10","UL","WL",""
"11/2/2014 12:50:20","6","Fighting, Chasing","8","UL","WL",""
"11/2/2014 12:50:33","4","Fighting, Chasing","6","UR","WL",""
"11/2/2014 12:50:55","8","Fighting, Chasing","2","UR","WL",""
"11/2/2014 12:51:40","5","Fighting, Chasing","10","LR","WL",""
"11/2/2014 12:52:51","8","Fighting, Chasing","10","UR","WL",""
"11/2/2014 12:53:02","5","Chasing","8","UL","WL",""
"11/2/2014 12:53:28","5","Chasing","9","ML","WL",""
"11/2/2014 12:53:56","4","Fighting, Chasing","11","MR","WL",""
"11/2/2014 12:56:37","5","Induce-flee","9","ML","WL",""
"11/2/2014 12:57:58","9","Chasing","11","UL","WL",""
"11/2/2014 12:58:58","5","Fighting, Chasing","6, 9","UL","WL",""
"11/2/2014 13:02:03","4","Chasing","6","MR","WL",""
"11/2/2014 13:03:03","4","Chasing","2","UR","WL",""
"11/2/2014 13:06:54","4","Fighting, Chasing","9","UR","WL",""
"11/2/2014 13:08:04","4","Fighting, Chasing, Mounting","2","UR","WL",""
"11/2/2014 13:11:40","5","Chasing","4","MR","WL",""
"11/2/2014 13:12:08","5","Fighting, Chasing","4","UL","WL",""
"11/2/2014 13:12:47","5","Fighting, Chasing","4","UL","WL",""
"11/2/2014 13:15:10","2","Chasing","10","UR","WL",""
"11/2/2014 13:16:08","5","Chasing","3","UR","WL",""
"11/2/2014 13:21:33","2","Chasing","10","UR","WL",""
"11/2/2014 13:23:06","2","Chasing","10","UL","WL",""
"11/2/2014 13:25:57","2","Fighting, Chasing","10","UL","WL",""
"11/2/2014 13:26:12","7","Fighting, Chasing","9","UL","WL",""
"11/2/2014 13:28:46","7","Fighting, Chasing","2","UR","WL",""
"11/2/2014 13:29:09","7","Fighting, Chasing, Subordinate","11","UL","WL",""
"11/2/2014 13:29:47","7","Chasing","10","UL","WL",""
"11/2/2014 13:30:49","12","Chasing","10","ML","WL",""
"11/2/2014 13:33:04","10","Fighting, Subordinate","9","UL","WL",""
"11/2/2014 13:33:15","10","Fighting","11","UL","WL",""
"11/2/2014 13:33:52","8","Chasing","10","UR","WL",""
"11/2/2014 13:34:45","12","Chasing","10","ML","WL",""
"11/2/2014 13:36:19","8","Chasing","4","UR","WL",""
"11/2/2014 13:38:47","8","Chasing","12","UR","WL",""
"11/2/2014 13:43:06","8","Chasing","7","UR","WL",""
"11/2/2014 13:45:31","7","Chasing","11","UL","WL",""
"11/2/2014 13:46:24","8","Fighting, Chasing, Subordinate","12","UL","WL",""
"11/2/2014 13:46:38","8","Fighting, Chasing","4","UL","WL",""
"11/2/2014 13:49:57","8","Chasing","12","UR","WL",""
"11/2/2014 13:52:21","8","Fighting, Chasing","4, 10, 12","UL","WL",""
"11/2/2014 13:53:42","3","Chasing","11","UL","WL",""
"11/2/2014 13:54:50","8","Induce-flee","12","LL","WL",""
"11/2/2014 13:56:59","6","Fighting, Chasing","8","UL","WL",""
"11/2/2014 14:00:39","6","Fighting, Chasing","8","UL","WL",""
"11/2/2014 14:01:59","End","End","End","End","WL",""
"11/3/2014 15:59:15","Start","Start","Start","Start","AR",""
"11/3/2014 16:02:04","4","Fighting, Chasing, Mounting","2","UR","AR",""
"11/3/2014 16:03:10","9","Chasing","2","UR","AR",""
"11/3/2014 16:03:23","9","Fighting","11","MR","AR",""
"11/3/2014 16:03:54","5","Fighting","9","ML","AR",""
"11/3/2014 16:05:05","9","Fighting","2","UL","AR",""
"11/3/2014 16:06:25","9","Fighting, Chasing","2","UR","AR","(same two but new event)"
"11/3/2014 16:06:52","4","Fighting","9","UL","AR",""
"11/3/2014 16:09:10","5","Fighting","7","UL","AR",""
"11/3/2014 16:13:12","5","Fighting, Chasing","4","UL","AR",""
"11/3/2014 16:13:51","5","Chasing","4","UR","AR",""
"11/3/2014 16:22:37","5","Chasing","10","ML","AR",""
"11/3/2014 16:26:55","5","Chasing","7","LL","AR",""
"11/3/2014 16:27:30","5","Chasing","11","UL","AR",""
"11/3/2014 16:31:30","5","Fighting, Chasing","11","UR","AR",""
"11/3/2014 16:33:19","5","Fighting","6","UL","AR",""
"11/3/2014 16:33:36","7","Chasing","1","UL","AR",""
"11/3/2014 16:35:18","6","Chasing","10","UL","AR",""
"11/3/2014 16:35:33","5","Chasing","6","UR","AR",""
"11/3/2014 16:36:13","5","Fighting","6","ML","AR",""
"11/3/2014 16:36:32","7","Chasing","10","ML","AR",""
"11/3/2014 16:37:13","7","Fighting, Chasing","10","UL","AR",""
"11/3/2014 16:37:41","5","Fighting, Chasing","7","MR","AR",""
"11/3/2014 16:41:15","7","Fighting","10","UR","AR",""
"11/3/2014 16:42:32","5","Chasing","3","MR","AR",""
"11/3/2014 16:44:13","5","Induce-flee","1","UR","AR",""
"11/3/2014 16:53:19","5","Fighting","7","UR","AR",""
"11/3/2014 17:02:46","5","Chasing","12","MR","AR",""
"11/3/2014 17:07:58","6","Fighting","10","UL","AR",""
"11/3/2014 17:11:22","5","Fighting","10","ML","AR",""
"11/3/2014 17:11:56","5","Fighting","9","MR","AR",""
"11/3/2014 17:13:38","5","Fighting","4","UL","AR",""
"11/3/2014 17:17:51","5","Fighting, Chasing","4","UR","AR",""
"11/3/2014 17:18:30","5","Chasing","4","UL","AR",""
"11/3/2014 17:19:19","5","Fighting","10","UR","AR",""
"11/3/2014 17:20:57","5","Fighting","11","UR","AR",""
"11/3/2014 17:26:36","4","Mounting","2","UR","AR",""
"11/3/2014 17:27:17","5","Chasing","10","UL","AR",""
"11/3/2014 17:27:41","4","Fighting","2","UR","AR",""
"11/3/2014 17:31:54","5","Fighting, Chasing","12","ML","AR",""
"11/3/2014 17:32:56","5","Chasing","12","UL","AR",""
"11/3/2014 17:33:55","12","Chasing","11","UL","AR",""
"11/3/2014 17:34:47","12","Fighting, Chasing","9","UL","AR",""
"11/3/2014 17:35:50","5","Fighting, Mounting","2","MR","AR",""
"11/3/2014 17:36:16","4","Fighting","7","UL","AR",""
"11/3/2014 17:36:55","4","Fighting, Chasing","12","LL","AR",""
"11/3/2014 17:40:08","8","Chasing","9","MR","AR",""
"11/3/2014 17:41:00","5","Chasing","9","LL","AR",""
"11/3/2014 17:43:05","12","Chasing","11","UR","AR",""
"11/3/2014 17:51:16","5","Fighting","4","MR","AR",""
"11/3/2014 17:52:28","6","Chasing","8","UL","AR",""
"11/3/2014 17:54:06","5","Fighting","10","NB5","AR",""
"11/3/2014 17:55:27","6","Chasing","12","UL","AR",""
"11/3/2014 17:55:44","6","Fighting, Chasing","8","UL","AR",""
"11/3/2014 17:57:13","7","Chasing","4","ML","AR",""
"11/3/2014 17:58:56","4","Chasing","10","MR","AR",""
"11/3/2014 17:59:49","7","Chasing","10","UL","AR",""
"11/3/2014 18:00:03","8","Chasing","12","ML","AR",""
"11/3/2014 18:00:15","End","End","End","End","AR",""
"11/4/2014 12:01:36","Start","Start","Start","Start","BN",""
"11/4/2014 12:05:56","5","Fighting","9","ML","BN",""
"11/4/2014 12:08:12","5","Fighting","11","MR","BN",""
"11/4/2014 12:09:37","12","Induce-flee","1","ML","BN",""
"11/4/2014 12:11:43","5","Chasing","10","UL","BN",""
"11/4/2014 12:12:46","12","Fighting","9","ML","BN",""
"11/4/2014 12:15:35","5","Induce-flee","12","LL","BN",""
"11/4/2014 12:22:45","5","Fighting","9","MR","BN",""
"11/4/2014 12:23:15","5, 6","Fighting","8","UL","BN",""
"11/4/2014 12:25:36","6","Fighting","1","UR","BN",""
"11/4/2014 12:26:57","6","Fighting","8","UL","BN",""
"11/4/2014 12:32:35","5","Induce-flee","1, 6","MR","BN",""
"11/4/2014 12:32:51","5","Fighting","9","ML","BN",""
"11/4/2014 12:34:46","10","Fighting","9","UR","BN",""
"11/4/2014 12:36:31","9","Fighting","11","ML","BN",""
"11/4/2014 12:39:05","10","Subordinate","9","UL","BN",""
"11/4/2014 12:41:38","10","Induce-flee","11","UR","BN",""
"11/4/2014 12:43:42","11","Induce-flee","1","UL","BN",""
"11/4/2014 12:44:31","10","Fighting","11","UL","BN",""
"11/4/2014 12:45:33","9","Fighting","11","ML","BN",""
"11/4/2014 12:47:10","11","Induce-flee","2","UL","BN",""
"11/4/2014 12:47:42","9","Fighting","11","ML","BN",""
"11/4/2014 12:49:12","9","Fighting","1","ML","BN",""
"11/4/2014 12:50:01","10","Fighting","9, 11","UL","BN",""
"11/4/2014 12:51:23","12","Chasing","10","ML","BN",""
"11/4/2014 12:51:42","9","Fighting","7","UL","BN",""
"11/4/2014 12:52:21","7","Fighting","11","UL","BN",""
"11/4/2014 12:53:50","9","Fighting","2","UR","BN",""
"11/4/2014 12:55:54","10","Fighting","11","ML","BN",""
"11/4/2014 12:56:53","6","Chasing","10","UR","BN",""
"11/4/2014 12:57:06","6","Fighting","8","UL","BN",""
"11/4/2014 12:58:28","10","Fighting","9","ML","BN",""
"11/4/2014 13:01:41","6","Fighting","8","ML","BN",""
"11/4/2014 13:02:09","7","Fighting","6","UL","BN",""
"11/4/2014 13:02:22","4","Fighting","9","UR","BN",""
"11/4/2014 13:04:37","9","Fighting","1","UR","BN",""
"11/4/2014 13:06:32","8","Fighting","2","UL","BN",""
"11/4/2014 13:07:50","5","Fighting","7","NB5","BN",""
"11/4/2014 13:09:13","5","Fighting","9","NB4","BN",""
"11/4/2014 13:10:12","8","Subordinate","4","UL","BN",""
"11/4/2014 13:14:51","12","Subordinate","1","UL","BN",""
"11/4/2014 13:20:41","7","Fighting","12","ML","BN",""
"11/4/2014 13:23:40","4","Fighting","6","UL","BN",""
"11/4/2014 13:25:40","5","Fighting","7","NB5","BN",""
"11/4/2014 13:33:09","6","Fighting","1, 10","UL","BN",""
"11/4/2014 13:37:18","5","Fighting","7","LR","BN",""
"11/4/2014 13:39:16","7","Fighting","6","UR","BN",""
"11/4/2014 13:40:21","5, 6","Fighting","8","UL","BN",""
"11/4/2014 13:40:58","5","Fighting","6","UL","BN",""
"11/4/2014 13:46:24","5","Induce-flee","12","LR","BN",""
"11/4/2014 13:47:37","7","Fighting","11","UL","BN",""
"11/4/2014 13:57:27","8","Fighting","11","UL","BN",""
"11/4/2014 14:00:58","End","End","End","End","BN",""
"11/5/2014 16:14:31","Start","Start","Start","Start","KW","class ran a little . i also took a bathroom break. will stay until 610"
"11/5/2014 16:17:28","6","Fighting, Chasing","2","UL","KW",""
"11/5/2014 16:22:52","6","Fighting","1","UL","KW",""
"11/5/2014 16:23:06","5","Fighting, Chasing","3","LL","KW",""
"11/5/2014 16:23:45","12","Mounting","1","UL","KW",""
"11/5/2014 16:24:54","5","Fighting, Chasing","11","LR","KW",""
"11/5/2014 16:25:18","6","Fighting, Chasing","8","UL","KW",""
"11/5/2014 16:28:41","5","Chasing","10","ML","KW",""
"11/5/2014 16:29:43","5","Induce-flee","7","LL","KW",""
"11/5/2014 16:31:34","12","Fighting, Chasing","9","UL","KW",""
"11/5/2014 16:33:12","4","Fighting","9","UL","KW",""
"11/5/2014 16:41:48","5","Chasing","8","UL","KW",""
"11/5/2014 16:43:18","6","Chasing","10","UL","KW",""
"11/5/2014 16:46:05","6","Chasing","8","MR","KW",""
"11/5/2014 16:46:32","2","Mounting","11","UL","KW",""
"11/5/2014 16:47:22","6","Chasing","8","UL","KW",""
"11/5/2014 16:49:51","6","Fighting, Chasing","8","MR","KW",""
"11/5/2014 16:53:56","4, 6","Mounting","2","UR","KW",""
"11/5/2014 16:55:53","5","Fighting, Chasing","1","NB2","KW","long fight. 1 tried to escape to the upper area but was pulked back into the nb twice. escaped underground"
"11/5/2014 16:56:12","10","Fighting","1","NB5","KW",""
"11/5/2014 16:58:47","6","Mounting","1","UL","KW",""
"11/5/2014 16:59:07","6","Chasing","8","UL","KW",""
"11/5/2014 17:01:36","5","Fighting, Chasing","9","LL","KW",""
"11/5/2014 17:05:46","5","Induce-flee","4","ML","KW",""
"11/5/2014 17:06:43","7","Chasing, Mounting","4","UL","KW",""
"11/5/2014 17:15:15","5","Chasing","8","UL","KW",""
"11/5/2014 17:17:19","5","Fighting","8","UL","KW",""
"11/5/2014 17:24:51","5","Induce-flee","12","LL","KW",""
"11/5/2014 17:26:20","7","Chasing","11","ML","KW",""
"11/5/2014 17:27:34","5","Chasing","11","LR","KW",""
"11/5/2014 17:42:24","6","Chasing","12","UR","KW","most of the mice are huddled in the ul and sleeping "
"11/5/2014 17:43:08","6","Fighting","1","UL","KW","6 disturbing the peace of the huddled mass"
"11/5/2014 17:53:08","7","Induce-flee","12","LL","KW",""
"11/5/2014 17:54:17","6","Chasing","12","UL","KW",""
"11/5/2014 17:59:03","6","Induce-flee","12","LR","KW",""
"10/15/2014 16:16:56","Start","Start","Start","Start","xxx",NA
"11/5/2014 17:59:59","End","End","End","End","xxx",NA
